순번,매장명,사업자번호,주소
1,BHC 금호동점,1240150730,"서울특별시 성동구 동호로 93 (금호동4가, 브라운스톤금호2차 201)401동 지2층 3호"
2,BBQ 성수2점,2062067285,서울특별시 성동구 상원10나길 23 (성수동1가)
3,뚜레쥬르 왕십리민자역사점,3101094189,"서울특별시 성동구 왕십리광장로 17 (행당동, 왕십리민자역사)4층"
4,동대문 부대찌개,7454400392,"서울특별시 성동구 자동차시장1길 94-15 (용답동, 오르세오피스텔)1층 106호"
5,병천순대국 행당동본점,2061730357,"서울특별시 성동구 고산자로6길 40 (행당동, 행당동레몬프라자)114호"
6,스위트 하우스,4011544919,서울특별시 성동구 성덕정길 132 (성수동2가)1층 102호
7,파바포장-파리바게뜨 금호1가점,3077600420,서울특별시 성동구 난계로 35 (금호동1가)2층
8,파리바게뜨 금호1가점,3077600420,서울특별시 성동구 난계로 35 (금호동1가)2층
9,한낮의밤 와인배달,4821101565,서울특별시 성동구 성덕정길 109 (성수동2가)2층
10,짬뽕명가 대연,6122369607,"서울특별시 성동구 사근동길 67 (사근동, 중앙하이츠아파트)103동 1층 104호"
11,삼천만횟집,2060196514,서울특별시 성동구 아차산로 87 (성수동2가)
12,피자스쿨 성수쇼핑센터점,1561001349,서울특별시 성동구 아차산로7길 22 (성수동2가)지상1층
13,스시류블랙 성수낙낙점,7103300478,"서울특별시 성동구 아차산로17길 48 (성수동2가, 성수 SK V1 CENTER I)B동 지하1층 RB109호"
14,달무리 백반,2011114520,"서울특별시 성동구 마장로 296 (마장동, 봉호빌딩)1층"
15,대한냉면 성동점,5974600496,서울특별시 성동구 성덕정길 120 (성수동2가)2층
16,두찜 성동왕십리점,2595400885,"서울특별시 성동구 마장로 137 (상왕십리동, 텐즈힐 213동, 402동(상가))1층 115호"
17,킴스갈비후라이,5200102867,"서울특별시 성동구 무학로 33 (하왕십리동, 텐즈힐 156동(상가))1층 101호"
18,버텍스 미국식 덮밥 왕십리점,7275300800,서울특별시 성동구 무학봉15길 10-1 (하왕십리동)1층 101호
19,파바포장-파리바게뜨 금호역점,1992702019,"서울특별시 성동구 동호로 93 (금호동4가, 브라운스톤금호2차 201)401동 지2층 4호"
20,파리바게뜨 금호역점,1992702019,"서울특별시 성동구 동호로 93 (금호동4가, 브라운스톤금호2차 201)401동 지2층 4호"
21,굽네치킨&피자 금호1가응봉점 ,7020402849,서울특별시 성동구 금호로 62-1 (금호동1가)1층
22,숙성회136 왕십리점,6291602149,서울특별시 성동구 왕십리로 273-19 (행당동)1층
23,금호흑염소 본점,3815400620,서울특별시 성동구 독서당로 303-4 (금호동3가 )1층
24,마이요거트립 금호점,8651802282,"서울특별시 성동구 금호로 40 (금호동4가, 힐스테이트서울숲리버 114동)상가동 지2층 12호"
25,샐러마켓 뚝섬역점,5703601341,서울특별시 성동구 뚝섬로1길 55-1 (성수동1가)1층
26,육회왕자 연어공주 왕십리점,6058636229,"서울특별시 성동구 왕십리로 410 (하왕십리동, 센트라스 L동)엘동 지층 110-1호(상왕십리동)"
27,인생닭강정 용답역점,6710401532,서울특별시 성동구 용답19길 15 (용답동)1층
28,화락바베큐치킨 성동금호점,7476500511,서울특별시 성동구 금호산2길 18-1 (금호동3가)1층
29,로봇배달 KITCHEN LOT,5974801053,"서울특별시 성동구 성수일로 10 (성수동1가, 서울숲 ITCT 지식산업센터)KITCHEN LOT"
30,로봇배달 라바트리 서울숲,3100978937,"서울특별시 성동구 아차산로 6 (성수동1가, 누디트서울숲)LAVATREE"
31,라바트리 서울숲,3100978937,"서울특별시 성동구 아차산로 6 (성수동1가, 누디트서울숲)LAVATREE"
32,게장 참 잘하는집 왕십리점,8820901030,서울특별시 성동구 왕십리로 273 (행당제1동)1층
33,빨간모자피자 왕십리점,5930203288,서울특별시 성동구 무학봉길 41-1 (하왕십리동)1층
34,노워리즈 (No worries),1023761895,서울특별시 성동구 용답중앙길 45-2 (용답동)1층
35,달다곰이 왕십리점,6660302769,"서울특별시 성동구 왕십리광장로 17 (행당동, 왕십리민자역사)지1층"
36,KITCHEN LOT,5974801053,"서울특별시 성동구 성수일로 10 (성수동1가, 서울숲 ITCT 지식산업센터)KITCHEN LOT"
37,명장아구찜 성동본점,4245000818,"서울특별시 성동구 무학로6길 50 (도선동, 성동삼성쉐르빌 101동)1층 161호,162호"
38,삼첩분식 왕십리점,6340502747,서울특별시 성동구 무학봉21길 11 (하왕십리동)1층
39,네네치킨 금호점,2063136871,서울특별시 성동구 독서당로 315-4 (금호동3가)1층
40,원할머니명품도시락 답십리점,2280762957,서울특별시 성동구 용답중앙15길 17 (용답동 )1층
41,맛있는 빙달 눈꽃빙수 동대문점,6192201770,"서울특별시 성동구 마장로 137 (상왕십리동, 텐즈힐 213동, 402동(상가))402동 217호"
42,수제비먹는닭갈비,3113101470,"서울특별시 성동구 왕십리로21다길 39 (행당동, 예정피아노학원)1층"
43,백년국밥과보쌈,8510802571,"서울특별시 성동구 행당로 87 (행당동, 행당동대림아파트 대림 리빙프라자)제리빙프라동 3층 343호"
44,이문 매운갈비찜,1913000166,서울특별시 성동구 금호산2길 17-1 (금호동3가)1층
45,자담치킨 행당점,2710202958,서울특별시 성동구 고산자로8길 24 (행당동)1층
46,파바포장-파리바게뜨 왕십리역사점,1054184967,"서울특별시 성동구 왕십리광장로 17 (행당동, 왕십리민자역사)지상2층"
47,파리바게뜨 왕십리역사점,1054184967,"서울특별시 성동구 왕십리광장로 17 (행당동, 왕십리민자역사)지상2층"
48,파스타예요 왕십리본점,5052121000,"서울특별시 성동구 무학로6길 50 (도선동, 성동삼성쉐르빌 101동)1층 163호"
49,BHC 행당점,8791502131,서울특별시 성동구 무학봉길 43 (하왕십리동)1층
50,뚝도시장 삼미냉면칼국수,2063077458,서울특별시 성동구 성덕정15길 7 (성수동2가)
51,작은카페,7881500972,서울특별시 성동구 마조로15나길 19 (마장동)1동 작은카페
52,스프링스,8688801117,"서울특별시 성동구 왕십리로 109 (성수동1가, 성수만세주유소)"
53,꽃보다족발 본점,5938702933,서울특별시 성동구 왕십리로24길 16 (도선동)
54,왕십리 밥도둑 김치찜,5450202714,"서울특별시 성동구 무학로6길 50 (도선동, 성동삼성쉐르빌 101동)1층 161호,162호"
55,펠어커피 왕십리점,5992301963,"서울특별시 성동구 마장로 230-1 (홍익동, 홍익동123빌딩)1층"
56,라사천마라탕 성수점,5730302981,서울특별시 성동구 성덕정길 38 (성수동1가)1층
57,호식이두마리치킨 왕십리점,7123301492,"서울특별시 성동구 마장로 137 (상왕십리동, 텐즈힐 212동, 401동(상가))1층 105호"
58,교촌치킨 응봉점,4886800457,"서울특별시 성동구 독서당로 398 (응봉동, 노선상가)3층 301호"
59,KFC 신금호점,2018189723,"서울특별시 성동구 무수막길 97 (금호동2가, 김약국)1층"
60,프레퍼스 왕십리점,1164900906,서울특별시 성동구 마조로 21 (행당동)2층
61,오운완 단백질다이어트,5200102867,"서울특별시 성동구 무학로 33 (하왕십리동, 텐즈힐 156동(상가))1층 101호"
62,달꿍 태국음식점,4227500488,"서울특별시 성동구 무학봉15가길 4 (하왕십리동, 무학유치원)1층"
63,고려삼계탕,8510802571,"서울특별시 성동구 행당로 87 (행당동, 행당동대림아파트 대림 리빙프라자)제리빙프라동 3층 343호"
64,두찜 성동성수점,5536300566,"서울특별시 성동구 성수일로8길 5 (성수동2가, 서울숲 SK V1 TOWER A동)105호"
65,미니탕후루,8034701228,서울특별시 성동구 연무장길 17 (성수동2가)1층
66,포케올데이&샐러드 행당점,6963601191,서울특별시 성동구 고산자로 194 (행당동)2층
67,백년보쌈,8510802571,"서울특별시 성동구 행당로 87 (행당동, 행당동대림아파트 대림 리빙프라자)제리빙프라동 3층 343호"
68,카페랏,4781900812,서울특별시 성동구 성수일로 10Cafe Lot
69,로봇배달 카페랏(CAFELOT),4781900812,서울특별시 성동구 성수일로 10Cafe Lot
70,채육식당 왕십리점,2076707058,"서울특별시 성동구 마장로 200 (홍익동, 김주형의원)제1호"
71,굽네치킨&피자 상왕십리역점,5255200885,"서울특별시 성동구 왕십리로 410 (하왕십리동, 센트라스 L동)111호"
72,강씨 가문의족발 신금호점,3951502327,서울특별시 성동구 행당로 41 (금호동1가)1층
73,귀한족발 왕십리점,5543401398,"서울특별시 성동구 무학로2길 43 (도선동, 청암빌딩)1층"
74,소리벗고 고기질러 왕십리점,1112799116,서울특별시 성동구 마장로 209 (홍익동 )102호
75,토핑폭탄 김치찜&김치찌개 왕십리점,1112799116,서울특별시 성동구 마장로 209 (홍익동 )102호
76,1976갈비찜&김치찌개,2061985007,서울특별시 성동구 마조로 16 (사근동)2층
77,수북국밥&냉면 송정점,4875800678,서울특별시 성동구 동일로55길 3 (송정동)1층
78,기영이숯불두마리치킨 성동행당점,1362200922,서울특별시 성동구 행당로17길 21 (행당동)1층
79,땅스부대찌개 성수점,2820802421,서울특별시 성동구 상원길 58 (성수동1가)1층
80,둘둘치킨 금호사거리점,7943401230,서울특별시 성동구 금호로 58 (금호동1가)1층
81,젤리족발 성수점,4018571554,서울특별시 성동구 왕십리로 108 (성수동1가)1층 젤리족발
82,육회차 연어인생,2484301248,서울특별시 성동구 행당로17길 34 (행당동)1층 102호
83,탐나종합어시장 신금호역점,1580402213,서울특별시 성동구 행당로 1 (금호동1가)1층 101호
84,롯데리아 왕십리역사점,1068123498,"서울특별시 성동구 왕십리광장로 17 (행당동, 왕십리민자역사)1층"
85,롯데리아 답십리점,1068123498,"서울특별시 성동구 천호대로 308 (용답동, 인암빌딩)1층,2층"
86,푸줏간 삼겹돼지고기배달 왕십리뉴타운점,6381101299,"서울특별시 성동구 왕십리로 410 (하왕십리동, 센트라스 107동, A동)106호"
87,국대김치찜 왕십리점,2242861999,서울특별시 성동구 무학봉28길 4-1 (하왕십리동)지하1층 B01호
88,에그폭탄덮밥 왕십리점,2242861999,서울특별시 성동구 무학봉28길 4-1 (하왕십리동)지하1층 B01호
89,인생냉면 왕십리점,2242861999,서울특별시 성동구 무학봉28길 4-1 (하왕십리동)지하1층 B01호
90,원래는 치킨집을 할려고 했었다 왕십리점,2242861999,서울특별시 성동구 무학봉28길 4-1 (하왕십리동)지하1층 B01호
91,뚜레쥬르 왕십리민자역사점,2062931169,"서울특별시 성동구 왕십리광장로 17 (행당동, 왕십리민자역사)4층"
92,푸라닭 옥수점,5054800899,서울특별시 성동구 독서당로 208 (옥수동)3층
93,풀리김밥 성수점,2191801928,"서울특별시 성동구 성수일로10길 26 (성수동2가, 하우스디세종타워 본동)상가동 1층 112호"
94,뽁밥 왕십리점,6622401948,"서울특별시 성동구 왕십리로20길 40 (홍익동, 비앤리베스텔)상가동 1층 101호"
95,OPTION 더빱&보끔밥,1180923442,서울특별시 성동구 마조로 11 (행당동)2층
96,OPTION 돈까스,1180923442,서울특별시 성동구 마조로 11 (행당동)2층
97,OPTION 도리아&스파게티,1180923442,서울특별시 성동구 마조로 11 (행당동)2층
98,BHC 응봉점,3692501764,"서울특별시 성동구 고산자로2길 10-7 (응봉동)1층 101호,102호"
99,슬로우캘리 뚝섬역점,2994100980,서울특별시 성동구 상원10길 4-1 (성수동1가)1층
100,와떠마라탕 왕십리점,8680602731,서울특별시 성동구 무학봉28길 4-1 (하왕십리동)지1층 B102호
101,전기품은닭,4082773738,서울특별시 성동구 행당로1길 7 (금호동1가)1층
102,BBQ 행당점,3700702658,서울특별시 성동구 무학봉길 53-1 (하왕십리동)1층
103,곱가&곱도리탕 왕십리점,8967400474,서울특별시 성동구 마장로 203-1 (홍익동)1층
104,냉면대첩&불고기 왕십리점,8967400474,서울특별시 성동구 마장로 203-1 (홍익동)1층
105,김치찜대장 왕십리점,8967400474,서울특별시 성동구 마장로 203-1 (홍익동)1층
106,영웅갈비찜 왕십리점,8967400474,서울특별시 성동구 마장로 203-1 (홍익동)1층
107,별사랑불고기 왕십리점,8967400474,서울특별시 성동구 마장로 203-1 (홍익동)1층
108,삼청동 김치찜,8730301223,서울특별시 성동구 고산자로8길 20 (행당제1동)1층 2호(행당동)
109,탕수육식,5910502343,"서울특별시 성동구 금호로 127 (금호동2가, 금호자이1차 상가동)지하2층13-1"
110,죽앤죽 금호점,5910502343,"서울특별시 성동구 금호로 127 (금호동2가, 금호자이1차 상가동)지하2층13-1"
111,지코바 금호1호점,1112799794,"서울특별시 성동구 난계로 32 (금호동1가, 성산빌딩)1층 102호"
112,가마로강정 왕십리텐즈힐점,4553101616,"서울특별시 성동구 마장로 137 (상왕십리동, 텐즈힐 221동)1층 1134호"
113,소미담 성수점,1193301280,서울특별시 성동구 뚝섬로 427 (성수동2가)1층
114,핏자터틀스 성수,4542301447,서울특별시 성동구 성덕정길 139 (성수동2가)1층
115,아비꼬 성수점,6888502163,"서울특별시 성동구 연무장5가길 25 (성수동2가, 성수역 SK V1 Tower)1층 118호"
116,떡참 성동왕십리점,4526600492,"서울특별시 성동구 마장로 137 (상왕십리동, 텐즈힐 213동, 402동(상가))402동 116호"
117,수제탕수육 홍탕 성수점,6360602788,"서울특별시 성동구 성수일로12길 52 (성수동2가, 성수동롯데캐슬파크 상가동)1층 104호"
118,갱상도 파절이 대패삼겹,7384600971,서울특별시 성동구 마장로 203-1 (홍익동)1층
119,BBQ 금호중앙점,2216900526,서울특별시 성동구 무수막길 89-38 (금호동2가)1층
120,신선식탁 성수역점,2056200471,"서울특별시 성동구 연무장5가길 25 (성수동2가, 성수역 SK V1 Tower)1층 112호"
121,어술족,1470302763,서울특별시 성동구 무학봉길 88 (하왕십리동)1층
122,고피자 행당점,3888502282,"서울특별시 성동구 행당로 101 (행당동)1층 101, 102호"
123,왔따쪽갈비 왕십리점,2651601795,"서울특별시 성동구 무학로 33 (하왕십리동, 텐즈힐 155동(상가))1층 102호"
124,춘리마라탕 왕십리점,3720502932,"서울특별시 성동구 왕십리로24나길 20 (도선동, 창성빌딩)1층"
125,뚝 다이닝,7548502228,서울특별시 성동구 연무장9길 8-1 (성수동2가)1층
126,아비꼬 성수역점,6668502218,"서울특별시 성동구 연무장5가길 25 (성수동2가, 성수역 SK V1 Tower)1층 117호"
127,천사와악마버거,8614201011,서울특별시 성동구 용답중앙11길 16-1 (용답동)1층
128,오븐에빠진닭 성수점,5280300358,서울특별시 성동구 아차산로7길 8 (성수동2가)2층
129,풍조미역,1410802154,서울특별시 성동구 성수일로8길 60 (성수동2가)1층
130,형제보쌈,1642501475,"서울특별시 성동구 고산자로 177 (행당동, 서울숲행당푸르지오아파트 101동)상가동 1층 107호"
131,보배반점 성수점,7500402493,"서울특별시 성동구 성수이로7길 27 (성수동2가, 서울숲코오롱디지탈타워 2단지)106-A1호"
132,친구친구,2062828745,"서울특별시 성동구 무학로6길 50 (도선동, 성동삼성쉐르빌 101동)237-3호 지상2층"
133,뼈마니 마장감자탕,4510802615,"서울특별시 성동구 마장로35나길 40 (마장동, 덕수빌딩 가동)1층 107호"
134,컨티넨탈커피,1022891970,"서울특별시 성동구 용답23길 19 (용답동, 시온피아노학원)103호"
135,글루,3021054736,서울특별시 성동구 성덕정길 130 (성수동2가)1층
136,폭풍토핑 피자스톰,5454600869,서울특별시 성동구 광나루로11길 13 (송정동)1층
137,돌섬미역국 금호점,3302701488,서울특별시 성동구 장터길 38-1 (금호동4가)B3층
138,흰고래연어육회 금호점,3302701488,서울특별시 성동구 장터길 38-1 (금호동4가)B3층
139,치킨마루 왕십리센트라스점,4393601389,"서울특별시 성동구 왕십리로 410 (하왕십리동, 센트라스 101동)H동 지층 101호"
140,사흘카레,6690401752,서울특별시 성동구 상원4길 4 (성수동1가)2층
141,밥풀릭스 왕십리점,3013563287,"서울특별시 성동구 왕십리로 410 (하왕십리동, 센트라스 I동)아이동 1층 134호"
142,배스킨라빈스 성수역점,6792801435,서울특별시 성동구 아차산로7길 4 (성수동2가)1층
143,이태리키친 행당점,6340402982,서울특별시 성동구 무학로6길 33 (홍익동)2층 201호
144,선주냉면 왕십리본점,6340402982,서울특별시 성동구 무학로6길 33 (홍익동)2층 201호
145,홍대치즈불닭,7981400439,서울특별시 성동구 무학봉15길 26-1 (하왕십리동 )1층 3호
146,1980 밀면회관&냉면 금호점,1821801631,서울특별시 성동구 독서당로 276 (금호4가동)1층 102호 
147,오늘도 김치찜 금호점,1821801631,서울특별시 성동구 독서당로 276 (금호4가동)1층 102호 
148,트리플에이커피 신금호역점,8373801215,서울특별시 성동구 행당로 2 (금호동1가)1층
149,뚜레쥬르 금호힐스테이트점,1455900257,"서울특별시 성동구 금호로 40 (금호동4가, 힐스테이트서울숲리버 114동)상가동 4-5호"
150,개미식당,2471600162,서울특별시 성동구 왕십리로 375-1 (하왕십리동)
151,요고프로즌요거트 서울숲점,5102312303,"서울특별시 성동구 왕십리로 50 (성수동1가, 메가박스스퀘어)지1층"
152,매머드익스프레스 성수성원점,1720602509,"서울특별시 성동구 아차산로15길 10 (성수동2가, 성원상떼뷰오피스텔)116호"
153,교촌치킨 용답점,3366000806,서울특별시 성동구 용답중앙13길 6-1 (용답동)1층
154,돈경,2997700558,서울특별시 성동구 장터길 17-1 (금호동3가)1층
155,금남시장 이문닭발,1913000166,서울특별시 성동구 금호산2길 17-1 (금호동3가)1층
156,왕코등갈비,1913000166,서울특별시 성동구 금호산2길 17-1 (금호동3가)1층
157,노브랜드피자 테스트키친점,4278502286,"서울특별시 성동구 성수일로 56 (성수동2가, 성수동BY센터)1층 103호, 104호 TEST KITCHEN"
158,국민 묵은지 김치찌개,3022801345,서울특별시 성동구 동일로59길 4 (송정동)1층
159,본떡볶이,2250893083,서울특별시 성동구 용답중앙길 42 (용답동)1층
160,죽토피아,5923501460,서울특별시 성동구 용답중앙13길 6-3 (용답동)1층
161,정우의도시락 왕십리점,6033508313,서울특별시 성동구 마장로 202-8 (홍익동)2층
162,서울김치찜 왕십리점,6033508313,서울특별시 성동구 마장로 202-8 (홍익동)2층
163,파스타스토어 왕십리점,2421102312,서울특별시 성동구 왕십리로31길 16 (하왕십리동)1층
164,도미노피자 왕십리점,8477700513,서울특별시 성동구 난계로 81 (하왕십리동)1층
165,수제탕수육 명가 홍탕 성동직영점,8380502257,서울특별시 성동구 왕십리로24길 29 (왕십리도선동)103호
166,밥뚝딱 김치&부대찌개,5860401592,서울특별시 성동구 장터길 40-4 (금호동4가)외8필지 1층
167,하이김밥,4574600830,"서울특별시 성동구 사근동길 6 (행당동, 한양제일빌딩)1층"
168,피자파는집,2421102312,서울특별시 성동구 왕십리로31길 16 (하왕십리동)1층
169,우리동네휴게소 바베큐치킨,4648502102,"서울특별시 성동구 왕십리로 410 (하왕십리동, 센트라스 101동)아이동 1층 151호"
170,63쌈 숯불석쇠구이,8510802571,"서울특별시 성동구 행당로 87 (행당동, 행당동대림아파트 대림 리빙프라자)제리빙프라동 3층 343호"
171,용답시장 허브나무,2420502437,서울특별시 성동구 용답중앙23길 13 (용답동 )1층
172,고기반 햄반 김치찌개&김치찜 금호점,6903301265,서울특별시 성동구 장터길 21-1 (금호동3가 )1층
173,이키가이 돈카츠,4971701967,서울특별시 성동구 뚝섬로 341-18 (성수동1가 )지하1층
174,등촌샤브칼국수 금호점,2440302462,서울특별시 성동구 금호산길 65 (금호동2가 )2층
175,선주냉면,5520902458,서울특별시 성동구 무학로6길 33 (홍익동 )1층
176,프리미엄 과일 신선도,5581602037,"서울특별시 성동구 왕십리로 410 (하왕십리동, 센트라스 I동)142호"
177,소코아 뚝섬점,7244300888,서울특별시 성동구 상원1길 35-22 (성수동1가 )2층
178,홍익스테이크 왕십리점,5813701256,"서울특별시 성동구 왕십리로 410 (하왕십리동, 센트라스 101동)I동 1층 123호"
179,네네치킨 성수점,6700200818,서울특별시 성동구 성덕정길 27 (성수동1가 )1층
180,poke all day 포케&샐러드 행당점,4448502506,서울특별시 성동구 고산자로 194 (행당동 )2층
181,리프레쉬먼트,2581501844,"서울특별시 성동구 상원길 77 (성수동1가, 성수동우방아파트 상가)생활편익시설동 1층 101호"
182,홍콩반점0410 포장 한양대점,4591202047,"서울특별시 성동구 마조로 25 (행당동, 제일빌딩 )지하1층"
183,배떡 성수점,2402300873,서울특별시 성동구 성덕정길 127 (성수동2가 )1층
184,그린 바이트(GREEN BITE),4692501477,"서울특별시 성동구 무학로6길 50 (도선동, 성동삼성쉐르빌 101동)101동 160호"
185,이유있는반찬 금호직영점,8037200518,서울특별시 성동구 장터길 13-1 (금호동3가 )1층
186,홍콩반점0410 한양대점,4591202047,"서울특별시 성동구 마조로 25 (행당동, 제일빌딩 )지하1층"
187,이태리키친 왕십리점,5520902458,서울특별시 성동구 무학로6길 33 (홍익동 )1층
188,저당 다이어트 건강한식,7994001070,서울특별시 성동구 무학봉28길 4-1 (하왕십리동 )지2층 B203호
189,임금님고기밥상 건대점,5476300620,"서울특별시 성동구 동일로 143 (성수동2가, 성수1차 대우아파트 )1층 102호"
190,즐거울락곱새 건대점,5476300620,"서울특별시 성동구 동일로 143 (성수동2가, 성수1차 대우아파트 )1층 102호"
191,고기듬뿍비빔밥 연구소 건대점,5476300620,"서울특별시 성동구 동일로 143 (성수동2가, 성수1차 대우아파트 )1층 102호"
192,짜글이보글이 건대점,5476300620,"서울특별시 성동구 동일로 143 (성수동2가, 성수1차 대우아파트 )1층 102호"
193,GTS BURGER 성수점,7743101410,"서울특별시 성동구 뚝섬로17가길 48 (성수동2가, 성수에이원 지식산업센터 )1층 102호"
194,양가네1인김치찜도시락 성동구점,8713301170,"서울특별시 성동구 마장로 137 (상왕십리동, 텐즈힐 201동)403동 127호"
195,한식끝판왕 왕십리점,1481302111,"서울특별시 성동구 마장로 137 (상왕십리동, 텐즈힐 201동)403동 127호"
196,마왕삼겹 왕십리점,1481302111,"서울특별시 성동구 마장로 137 (상왕십리동, 텐즈힐 201동)403동 127호"
197,양가네1인김치찜도시락 왕십리점,1481302111,"서울특별시 성동구 마장로 137 (상왕십리동, 텐즈힐 201동)403동 127호"
198,양가네고기듬뿍김치찜 왕십리점,1481302111,"서울특별시 성동구 마장로 137 (상왕십리동, 텐즈힐 201동)403동 127호"
199,한식끝판왕 성동구점,8713301170,"서울특별시 성동구 마장로 137 (상왕십리동, 텐즈힐 201동)403동 127호"
200,마왕삼겹 성동구점,8713301170,"서울특별시 성동구 마장로 137 (상왕십리동, 텐즈힐 201동)403동 127호"
201,양가네고기듬뿍김치찜 성동구점,8713301170,"서울특별시 성동구 마장로 137 (상왕십리동, 텐즈힐 201동)403동 127호"
202,청년피자 행당점 ,6812401560,서울특별시 성동구 무학봉길 54-1 (하왕십리동 )1층
203,승우네밥집,2952100879,서울특별시 성동구 왕십리로21가길 1 (행당동 )1층 좌측
204,국밥생각,1821801631,서울특별시 성동구 독서당로 276 (금호4가동)1층 102호 
205,그릭서울,7574001019,서울특별시 성동구 독서당로 329 (금호동3가 )1층
206,카페스니즈(CAFE SNI:Z),8210401684,서울특별시 성동구 마조로1길 39 (행당동 )1층
207,고기폭탄김치찜 금호점,5910502343,"서울특별시 성동구 금호로 127 (금호동2가, 금호자이1차 상가동)지하2층13-1"
208,육회대왕&연어여왕 왕십리점,8730301223,서울특별시 성동구 고산자로8길 20 (행당제1동)1층 2호(행당동)
209,피자헤븐 한양대점,5240800671,서울특별시 성동구 사근동길 4 (사근동)2층
210,엄마카츠 아빠카레,5053716565,"서울특별시 성동구 마조로 17 (행당동, 한양시장 )1층 33호"
211,굽네치킨&피자 성수1호점,2755400607,"서울특별시 성동구 상원1길 26 (성수동1가, 서울숲A타워 )1층 108-2호"
212,빽다방 포장 뚝섬역점,2830702072,서울특별시 성동구 아차산로 48 (성수동1가 )1층
213,슬로우레빗,2063213593,서울특별시 성동구 용답중앙13길 15-1 (용답동 )
214,왕십리마라탕,1773700586,서울특별시 성동구 무학로2길 35 (도선동 )지하1층
215,청년감자탕 순대국 왕십리역점,2110628518,서울특별시 성동구 마조로5길 5 (행당동 )1층
216,망티커피 성수점,7261901724,서울특별시 성동구 연무장3길 17 (성수동2가 )1층
217,헬스클럽 샐러드&요거트,5800602393,서울특별시 성동구 광나루로11길 42 (송정동 )1층 1호
218,빽다방 뚝섬역점,2830702072,서울특별시 성동구 아차산로 48 (성수동1가 )1층
219,마라부엌 행당점,4700402850,서울특별시 성동구 행당로15길 4 (행당동 )
220,정성이 가득찬 집밥,7491201067,서울특별시 성동구 마장로 203-1 (홍익동 )1층
221,족팔계,5111831482,"서울특별시 성동구 용답중앙15길 2 (용답동, 정치과의원 )1층"
222,스시메이 성수점,8345300296,"서울특별시 성동구 연무장7길 7-1 (성수동2가, 린빌딩 )2층"
223,우주식탁,3681501646,"서울특별시 성동구 한림말길 31 (옥수동, 옥수삼성아파트 상가 상가동)제비08호"
224,반장즉석떡볶이 금호점,7873201204,"서울특별시 성동구 행당로6길 2 (금호동1가, 벽산아파트(종합사회복지관상가) 종합사회복지관상가)1층 104호"
225,송탄최네집부대찌개,2201031902,"서울특별시 성동구 독서당로48길 9 (금호동4가, 장현민 )1층"
226,칠구네 신림동 백순대&순대국 왕십리점,8153600416,"서울특별시 성동구 마조로5길 4-11 (행당동, 정서빌딩 )1층"
227,청담파스타,4971901113,"서울특별시 성동구 마장로 137 (상왕십리동, 텐즈힐 214동, 403동(상가))1층 129호"
228,김선생 불닭발 성동점 ,6617500365,"서울특별시 성동구 무학로6길 50 (도선동, 성동삼성쉐르빌 101동)1층 162호"
229,김사부의 곱창명가 성동점,4600302763,"서울특별시 성동구 무학로6길 50 (도선동, 성동삼성쉐르빌 101동)1층 161호"
230,돈이야 서울숲점,2063171427,서울특별시 성동구 성덕정길 48 (성수동1가 )1층
231,수비드 김치찜 왕십리점,8042801502,"서울특별시 성동구 마장로 137 (상왕십리동, 텐즈힐 201동)401돝 1층 105호"
232,달리당런더풀 1유로프로젝트점,5710802452,서울특별시 성동구 송정18길 1-1 (송정동 )1층 103호
233,육회바른연어 상왕십리점,6932101276,서울특별시 성동구 무학로2길 17 (도선동 )1층
234,아아수혈 상왕십리점,8701402189,"서울특별시 성동구 왕십리로 410 (하왕십리동, 센트라스 101동)제비동 104호"
235,왕십리누룽지통닭구이,2250952100,서울특별시 성동구 고산자로 297 (마장동 )1층
236,투고샐러드 한양대점,5272700235,"서울특별시 성동구 사근동길 6 (행당동, 한양제일빌딩 )1층"
237,일오닭갈비,7981400439,서울특별시 성동구 무학봉15길 26-1 (하왕십리동 )1층 3호
238,카페위고위고,6971601691,서울특별시 성동구 무학로6길 7 (홍익동 )1층
239,육회바른연어 왕십리점,1042052259,"서울특별시 성동구 왕십리로 287-1 (행당동, 장원이불수예 )1층"
240,싸움의고수 상왕십리점,8345500679,"서울특별시 성동구 왕십리로 410 (하왕십리동, 센트라스 102동)제아이동 1층 168호"
241,밥풀릭스 건대점,5476300620,"서울특별시 성동구 동일로 143 (성수동2가, 성수1차 대우아파트 )1층 102호"
242,몽땅부대찌개 본점,1141823670,서울특별시 성동구 성수이로 37 (성수동2가 )2층
243,크로플퀸,7771901756,서울특별시 성동구 광나루로4가길 7 (성수동2가 )2층
244,요리왕,2062679594,서울특별시 성동구 연무장길 120 (성수동2가 )1층
245,노브랜드버거 신금호역점,7608501393,"서울특별시 성동구 무수막길 97 (금호동2가, 김약국 )1층"
246,참말로 좋수닭 한양대점,8010900406,"서울특별시 성동구 마조로 17 (행당동, 한양시장 )1층 12호"
247,퍼주에,6733401025,서울특별시 성동구 독서당로47길 12-1 (금호동4가 )지1층
248,바스버거 성수점,1068705191,서울특별시 성동구 왕십리로8길 16 (성수동1가 )1층
249,춘배버거,3183701134,서울특별시 성동구 왕십리로4길 13-1 (성수동1가 )1층 101호
250,스트릿1988 행당점,5690402349,서울특별시 성동구 행당로 129 (행당동 )1층
251,맘스터치 왕십리뉴타운점,5723901125,"서울특별시 성동구 왕십리로 410 (하왕십리동, 센트라스 101동)I동 1층 162호"
252,애플꼬마김밥 왕십리점,1218136352,서울특별시 성동구 왕십리로 336 (도선동 왕십리렉스프리미엄오피스텔)1층 104호
253,띵똥와플&요거트아이스크림 왕십리점,5196300135,서울특별시 성동구 마조로1길 32 (행당동 )1층
254,요요일 요거트 아이스크림,2801901529,"서울특별시 성동구 왕십리로 410 (하왕십리동, 센트라스 110동, D동)2층 201호"
255,가나점보돈까스,8871801361,서울특별시 성동구 고산자로8길 12 (행당동 )1층
256,성수차이나,2043362061,서울특별시 성동구 아차산로7길 20 (성수동2가 )1층
257,셰지 아베크 상수현,3998702006,서울특별시 성동구 서울숲2길 44-7 (성수동1가 )2층
258,파바포장-파리바게뜨 금호역점,1073779615,"서울특별시 성동구 동호로 93 (금호동4가, 브라운스톤 금호2차 201)401동 지2층 4호"
259,파리바게뜨 금호역점,1073779615,"서울특별시 성동구 동호로 93 (금호동4가, 브라운스톤 금호2차 201)401동 지2층 4호"
260,엔 젤라또 아이스크림,4590601727,서울특별시 성동구 행당로 112 (행당제2동)1층
261,만두 트럭 행당점,4590601727,서울특별시 성동구 행당로 112 (행당제2동)1층
262,미쳐버린파닭,7831000782,서울특별시 성동구 광나루로11길 54 (송정동 )지하1층
263,샐러드 넘버6,1043527040,서울특별시 성동구 왕십리로8길 15 (성수동1가 )1층
264,산채보리밥&비빔밥 심토불이,7065900576,서울특별시 성동구 성덕정길 141 (성수동2가 )1층
265,도미노피자 왕십리점,2063057525,서울특별시 성동구 난계로 81 (하왕십리동 )지상 1층
266,대만 도삭 우육면밥 뚝섬점,4654101077,"서울특별시 성동구 성수일로 99 (성수동1가, 서울숲AK밸리 지식산업센터 )1층 104호"
267,효자동설렁탕 왕십리뉴타운점,8350402440,"서울특별시 성동구 왕십리로 410 (하왕십리동, 센트라스 153타워)105호 효자동설렁탕 왕십리뉴타운점"
268,도미노피자 서울숲점,2063166341,"서울특별시 성동구 뚝섬로 327 (성수동1가 )1층 12,13,14호"
269,유향소,2100649392,서울특별시 성동구 광나루로 248-1 (성수동2가 )성수동2가
270,후쿠오네 짜글이,5800602393,서울특별시 성동구 광나루로11길 42 (송정동 )1층 1호
271,대찌 대파생고기김치찌개,5800602393,서울특별시 성동구 광나루로11길 42 (송정동 )1층 1호
272,정육왕 국물두루치기 ,5800602393,서울특별시 성동구 광나루로11길 42 (송정동 )1층 1호
273,도미노피자 행당점,2060346736,"서울특별시 성동구 고산자로 308 (마장동, 동남빌딩 )"
274,아워킬리바,6470402450,서울특별시 성동구 용답29길 26 (용답동 )1층
275,잇덴굿 왕십리점,6921301958,"서울특별시 성동구 고산자로 284 (행당동, 성동샤르망 )1층 122호"
276,쫑스밀,1994400978,"서울특별시 성동구 성수일로8길 5 (성수동2가, 서울숲 SK V1 TOWER A동)1층 103호"
277,오리오리,7312800563,서울특별시 성동구 무학로6길 18 (도선동 )1층
278,마장동 백정 생갈비찜,2521701291,서울특별시 성동구 마장로27길 14 (마장동 )1층
279,돼치집,4761701465,서울특별시 성동구 금호산길 66-1 (금호2.3가동)2층 201호
280,짜글이용사 성공담,8651201582,서울특별시 성동구 금호산길 66-1 (금호2.3가동)2층 202호
281,곱도리탕부터 시작하는 자영업생활,4761701465,서울특별시 성동구 금호산길 66-1 (금호2.3가동)2층 201호
282,프리텐더스,1363501106,서울특별시 성동구 무학로 8 (도선동 )104호
283,동강,2571302093,"서울특별시 성동구 동일로 143 (성수동2가, 성수1차 대우아파트 )1층 110호"
284,근돼국밥 광진점,5800602393,서울특별시 성동구 광나루로11길 42 (송정동 )1층 1호
285,더착한오리,1120788725,서울특별시 성동구 왕십리로20길 45-1 (홍익동 )1층
286,굽네치킨&피자 금호1가응봉점 ,3606400054,서울특별시 성동구 금호로 62-1 (금호동1가 )1층
287,우프,6490200866,서울특별시 성동구 서울숲4길 16-19 (성수동1가 )2층
288,도미노피자 옥수점,2068509023,"서울특별시 성동구 독서당로 212 (옥수동, 동호빌딩 )1층"
289,파파존스 옥수점,2061998517,서울특별시 성동구 매봉길 2 (옥수동 )1층
290,준이네 닭발,1821801631,서울특별시 성동구 독서당로 276 (금호4가동)1층 102호 
291,파파존스 왕십리점,2063201103,"서울특별시 성동구 독서당로 434 (응봉동, 대림종합상가 )1층 104,105,106호"
292,파파존스 성수점,3667900361,"서울특별시 성동구 왕십리로 114 (성수동1가, 신한빌딩 )2층 202호"
293,면옥수제비닭갈비,2061777556,서울특별시 성동구 왕십리로 319 (행당제1동)
294,롸버트 치킨 성수점,5051664932,"서울특별시 성동구 아차산로17길 49 (성수동2가, 생각공장데시앙플렉스 생각공장데시앙플렉스)A동 1층 120호"
295,윙크피자,1075905191,서울특별시 성동구 광나루로11길 22-1 (송정동 )1층
296,유기농 도우 준스피자 광진점,1075905191,서울특별시 성동구 광나루로11길 22-1 (송정동 )1층
297,부어치킨 상왕십리점,6784000982,"서울특별시 성동구 왕십리로 410 (하왕십리동, 센트라스 J동)1층 134호"
298,서오릉피자 왕십리뉴타운점,8202301004,"서울특별시 성동구 마장로 137 (상왕십리동, 텐즈힐 211동)1층 1102호"
299,올레길 한잔,6276900331,서울특별시 성동구 한림말1길 17 (옥수동 )1층
300,백종원의 새마을식당 한양대점,1215100876,서울특별시 성동구 마조로1길 39 (행당동 )지층
301,BBQ 행당스마트점,4285700726,"서울특별시 성동구 왕십리로 275 (행당동, 월성빌딩 )1층 2호"
302,BBQ 성수3점,2062237086,서울특별시 성동구 성덕정길 59 (성수동1가 )1층
303,BBQ 금호점,2152020402,서울특별시 성동구 독서당로 326 (금호동4가 )
304,교촌치킨 왕십리도선점,2300801038,서울특별시 성동구 고산자로 281 (홍익동 )
305,BBQ 금호중앙점,3795300498,서울특별시 성동구 무수막길 89-38 (금호동2가 )1층
306,교촌치킨 응봉점,1085060480,"서울특별시 성동구 독서당로 398 (응봉동, 노선상가 )3층 301호"
307,파바포장-파리바게뜨 마장대로점,2062819038,"서울특별시 성동구 고산자로 341-1 (마장동 )지상 1,2층"
308,교촌치킨 용답점,4042201426,서울특별시 성동구 용답중앙13길 6-1 (용답동 )1층
309,연돈볼카츠 왕십리역점,5732501330,"서울특별시 성동구 마조로1길 41 (행당동 )2,3층"
310,뜸들이다 성수점,5023147048,"서울특별시 성동구 상원길 50 (성수동1가, 동서울약국 )1층"
311,지코바 금호1호점,6704500998,"서울특별시 성동구 난계로 32 (금호동1가, 성산빌딩 )102호"
312,알로하프룻,3221301817,"서울특별시 성동구 무학로 33 (하왕십리동, 텐즈힐 155동(상가))1층 104호"
313,지코바 금호 1호점,6704500998,"서울특별시 성동구 난계로 32 (금호동1가, 성산빌딩 )102호"
314,라떼는 말이야 신금호점,1036500405,서울특별시 성동구 금호로 148-1 (금호1가동)1층
315,크럽커피,1512801484,서울특별시 성동구 무학봉길 64 (하왕십리동 )1층 1호
316,대창을 덮다 호르몬동 전문점,4598602640,서울특별시 성동구 왕십리로4길 26-6 (성수동1가 )1층
317,냥다방 카야 토스트,7603300624,서울특별시 성동구 상원6길 3 (성수동1가 )1층
318,우나기맨숀 히츠마부시 장어덮밥,4598602640,서울특별시 성동구 왕십리로4길 26-6 (성수동1가 )1층
319,케슬리 본점,7603300624,서울특별시 성동구 상원6길 3 (성수동1가 )1층
320,뚝도양조장,4598602640,서울특별시 성동구 왕십리로4길 26-6 (성수동1가 )1층
321,라와마라탕_5호점,5250102479,서울특별시 성동구 고산자로 299 (마장동 )1층 101호
322,컴포즈커피 행당무학점,2695000905,서울특별시 성동구 행당로 119 (행당동 )1층
323,국수나무 왕십리뉴타운점,2257900380,"서울특별시 성동구 왕십리로 410 (하왕십리동, 센트라스 101동)B동 1층 105호"
324,국수나무 행당점,2062831032,서울특별시 성동구 행당로 108-1 (행당동 )
325,다수니와플,3487300435,"서울특별시 성동구 마장로 137 (상왕십리동, 텐즈힐 221동)1층 1122호"
326,Saladshop,3487300435,"서울특별시 성동구 마장로 137 (상왕십리동, 텐즈힐 221동)1층 1122호"
327,커피사피엔스 선명스퀘어점,2894201072,서울특별시 성동구 성수일로 111 (성수동1가 )1층 102호
328,태리 로제떡볶이&닭강정 한양대점,3175400099,서울특별시 성동구 마조로7길 4-6 (행당동 )1층
329,하리스시,4281100728,"서울특별시 성동구 마장로 137 (왕십리도선동,텐즈힐)221동 153,154호"
330,교촌치킨 성수1호점,5496900346,서울특별시 성동구 동일로 41 (성수동2가 )1층
331,멕시카나 마장점,2061971819,"서울특별시 성동구 마장로42길 14 (마장동, 세림아파트 상가동)제1층 101호"
332,고기1동,2250765523,서울특별시 성동구 광나루로11길 24 (송정동 )1층 왼쪽
333,파파쿡김밥,8761700782,"서울특별시 성동구 독서당로 381 (응봉동, 현대종합상가 )1층 106호"
334,감동식혜 송정점,2250765523,서울특별시 성동구 광나루로11길 24 (송정동 )1층 왼쪽
335,중화요리 대연각,2791101033,"서울특별시 성동구 사근동길 67 (사근동, 중앙하이츠아파트 )103동 105호"
336,바르다김선생 행당점,2171040249,서울특별시 성동구 행당로 103 (행당동 )1층
337,할머니가래떡볶이 성동행당점,2668501931,서울특별시 성동구 행당로 113 (행당동 )1층 좌측
338,더맛있는족발보쌈 한양대점,6785100727,"서울특별시 성동구 마조로 17 (행당동, 한양시장 )C동 제49호"
339,한양점네네치킨,2040434191,서울특별시 성동구 마조로 59 (마장동)(1층)
340,열정해장국,5910502343,"서울특별시 성동구 금호로 127 (금호동2가, 금호자이1차 상가동)지하2층13-1"
341,오늘더만족,7530102360,서울특별시 성동구 장터길 43-2 (금호동3가 )1층
342,오늘도 못참치,2441401528,서울특별시 성동구 성덕정17길 7-1 (성수동2가 )1층
343,교촌치킨 성수역점,2063228140,서울특별시 성동구 아차산로7길 10-1 (성수동2가 )1층
344,포샵 왕십리점,6991100669,"서울특별시 성동구 행당로9길 43 (행당동, 행당동 대림아파트 국화상가)국화상가동 2층 201호"
345,마라하오 왕십리점,6991100669,"서울특별시 성동구 행당로9길 43 (행당동, 행당동 대림아파트 국화상가)국화상가동 2층 201호"
346,백종원의 롤링파스타 한양대점,4730101709,서울특별시 성동구 마조로5길 8 (행당동 )2층
347,굽네치킨&피자 행당점,7711202350,"서울특별시 성동구 행당로 75 (행당동, 행당동 대림아파트 동백상가)목련상가동 1층 101,102호"
348,한사바리해장국 왕십리점,1563200736,서울특별시 성동구 마장로 202-8 (홍익동)2층
349,홍콩반점0410 포장 성수역점,2251852816,"서울특별시 성동구 아차산로 96 (성수동2가, 신성빌딩 )1층"
350,홍콩반점0410 성수역점,2251852816,"서울특별시 성동구 아차산로 96 (성수동2가, 신성빌딩 )1층"
351,두투리에,1770103056,서울특별시 성동구 왕십리로14길 19-2 (성수동1가 )1층
352,솔로박스 센트라스점,8460501905,"서울특별시 성동구 왕십리로 410 (하왕십리동, 센트라스 101동)아이동 165호"
353,피자플래넷 센트라스점,8460501905,"서울특별시 성동구 왕십리로 410 (하왕십리동, 센트라스 101동)아이동 165호"
354,홍콩반점0410 포장 한양대점,3771901084,"서울특별시 성동구 마조로 25 (행당동, 제일빌딩 )지하1층"
355,홍콩반점0410 한양대점,3771901084,"서울특별시 성동구 마조로 25 (행당동, 제일빌딩 )지하1층"
356,슬로우캘리 왕십리뉴타운점,5751201961,"서울특별시 성동구 왕십리로 410 (하왕십리동, 센트라스 J동)1층 125호"
357,보스턴 피자,2550302138,"서울특별시 성동구 마장로 137 (상왕십리동, 텐즈힐 214동, 403동(상가))125호"
358,한마음 왕족발 본점,2062297065,서울특별시 성동구 독서당로 293-8 (금호동3가 )지상 1층
359,골목냉면 ,2063060904,서울특별시 성동구 독서당로 295-7 (금호동3가 )
360,이다카페,1265600497,서울특별시 성동구 광나루로 313 (송정동 )2층 202호
361,안쉐프의스시카이센동,3771301762,"서울특별시 성동구 마장로 137 (상왕십리동, 텐즈힐 201동)221동 1층 1146호"
362,햄찌와베찌 부대찌개 뚝섬점,4610202250,"서울특별시 성동구 상원10길 4 (성수동1가, 푸른어린이집 )1층"
363,목동명품등갈비 화양점,4842401708,서울특별시 성동구 동일로 173 (성수동2가 )1층 2호
364,미소야 신당센트라스점,4313800508,"서울특별시 성동구 왕십리로 410 (하왕십리동, 센트라스 J동)1층 106호"
365,스시화 성동점,7211102227,서울특별시 성동구 사근동11길 7 (사근동 )1층
366,한결 샐러드&파스타&라이스 성수점,7771901756,서울특별시 성동구 광나루로4가길 7 (성수동2가 )2층
367,[잇샐러드]IT SALAD,1428526752,서울특별시 성동구 성수일로8길 28 (성수동2가 )1층
368,BHC 성수역점,2905300026,"서울특별시 성동구 성덕정길 56 (성수동1가, 동구밭 )1층"
369,버거킹 왕십리센트라스점,1018676277,"서울특별시 성동구 왕십리로 410 (하왕십리동, 센트라스 L동)1층 108호, 109호, 109-1호"
370,쓰리닷츠,5202400946,"서울특별시 성동구 마조로 59 (마장동, 현대상가 )1층"
371,레인보우하우스,7761501885,서울특별시 성동구 행당로 121 (행당동 )1층
372,오늘송어회가좋겠다,7873201204,"서울특별시 성동구 행당로6길 2 (금호동1가, 벽산아파트(종합사회복지관상가) 종합사회복지관상가)1층 104호"
373,화채 땡겨요,8866600297,서울특별시 성동구 동일로 223-1 (송정동)1층
374,혜화동돈까스극장 서울왕십리점,8400300995,서울특별시 성동구 무학로10길 30 (홍익동 )1층
375,또아 파니니&샐러드,5053494032,"서울특별시 성동구 왕십리로 410 (하왕십리동, 센트라스 125동, G동)G동 101호 TTOA"
376,순백빙수 성수점,7260402321,"서울특별시 성동구 동일로 135-1 (성수동2가, 전진빌딩 1동)지1층 14호"
377,캐나디안 랍스터 성동점,4845300558,서울특별시 성동구 행당로8길 41-2 (행당제2동)1층(코너 두번째 상가)
378,BHC 용답점,1781401217,서울특별시 성동구 용답19길 17 (용답동 )1층
379,피자헛 성수점,3127041120,"서울특별시 성동구 아차산로7나길 18 (성수동2가, 대선 APEX CENTER )1층 101-1호"
380,굽네치킨&피자 성수1호점,2063202887,"서울특별시 성동구 상원1길 26 (성수동1가, 서울숲A타워 )1층 108-2호"
381,BHC 도선점,2531601545,"서울특별시 성동구 무학로6길 50 (도선동, 성동삼성쉐르빌 101동)2층 236-4호"
382,마이쥬스 성수낙낙점,2880802152,"서울특별시 성동구 아차산로17길 48 (성수동2가, 성수 SK V1 CENTER I 성수 SK V1 CENTER I)지하1층 RB118호"
383,스모크키친서울,8781201424,서울특별시 성동구 성덕정길 120 (성수동2가 )2층
384,라본 어묵 & 김밥,8834400898,서울특별시 성동구 매봉길 48 (옥수동 )1층 105호
385,명동부대찌개 본점,4060653255,서울특별시 성동구 매봉길 48 (옥수동 )지하1층 B101호
386,한입과일 옥수점,4060653255,서울특별시 성동구 매봉길 48 (옥수동 )지하1층 B101호
387,앗뜨죽 왕십리점,8820901030,서울특별시 성동구 왕십리로 273 (행당제1동)1층
388,ESTP 치와와 김밥 가게 상왕십리역점,8353301174,"서울특별시 성동구 무학로 33 (하왕십리동, 텐즈힐 101동)155동 101호"
389,야미가 왕십리점,1996900063,"서울특별시 성동구 고산자로8길 20 (행당동, 벧엘피아노학원 )1층"
390,금룡,2050345020,"서울특별시 성동구 마조로 17 (행당동, 한양시장 )2층 5호 (지상2층)"
391,춘배버거,6092705546,서울특별시 성동구 왕십리로4길 13-1 (성수동1가 )101호
392,60계치킨 서울행당점,6154800653,"서울특별시 성동구 행당로 76 (행당동, 행당 한진타운 단지상가 )1층 114호"
393,네네치킨 행당점,2062228253,서울특별시 성동구 왕십리로21길 25 (행당동 )1층
394,신전떡볶이 성수점,7442200209,"서울특별시 성동구 상원길 59 (성수동1가, 쌍용아파트 상가B)B동 1층  106호"
395,강릉엄지네 꼬막집 왕십리센트라스점,5480202595,"서울특별시 성동구 왕십리로 410 (하왕십리동, 센트라스 101동)I동 1층 128호"
396,공차 한양대점,5830700256,서울특별시 성동구 마조로 21 (행당동 )2층
397,애플꼬마김밥 옥수점,5710802210,"서울특별시 성동구 한림말5길 11 (옥수동, 덕성빌딩 )1층 104호"
398,태리닭강정&떡볶이 한양대점,3175400099,서울특별시 성동구 마조로7길 4-6 (행당동 )1층
399,잭슨피자 성수점,4111563494,"서울특별시 성동구 뚝섬로 442 (성수동2가, 우신빌딩 )1층 102호"
400,라떼는말이야 행당역점,2403600460,서울특별시 성동구 행당로 112 (행당동 )1동 1층
401,채선당 성동구청점,1010629807,"서울특별시 성동구 고산자로 284 (행당동, 성동샤르망 )"
402,더(THE)짜글 왕십리점,2952100879,서울특별시 성동구 왕십리로21가길 1 (행당동 )1층 좌측
403,브로스치킨 후라이드&오븐,5053716565,"서울특별시 성동구 마조로 17 (행당동, 한양시장 )1층 33호"
404,교촌치킨 한양대점,2301900734,"서울특별시 성동구 마조로 31 (행당동, 두성빌딩 )1층"
405,떡참 성동성수점,7483300925,"서울특별시 성동구 성덕정15길 12 (성수동2가, 성동상가아파트 )1층"
406,크로앙쥬 한양대점,2060123097,"서울특별시 성동구 마조로 35 (행당동, 서전빌딩 )1층"
407,위풍당당고기덮밥 성수점,7855200037,"서울특별시 성동구 성수일로8길 53 (성수동2가, 성수동복합시설 )101호,102호"
408,찜닭특공대 왕십리점,2290764583,서울특별시 성동구 무학로8길 11 (왕십리도선동)1층 102호
409,바우네 나주곰탕,6731601055,서울특별시 성동구 왕십리로21길 10 (행당동 )1층
410,위풍당당족발 본점,7855200037,"서울특별시 성동구 성수일로8길 53 (성수동2가, 성수동복합시설 )101호,102호"
411,제비뽑기,6780702135,서울특별시 성동구 성수이로24길 38 (성수동2가 )센츄리프라자 1층 제비뽑기
412,원할머니명품도시락 성수점,2022572423,"서울특별시 성동구 성수이로7길 7 (성수동2가, 서울숲 한라시그마밸리Ⅱ )101"
413,원할머니보쌈족발 성수역점,2022572423,"서울특별시 성동구 성수이로7길 7 (성수동2가, 서울숲 한라시그마밸리Ⅱ )101"
414,또래오래 성수점,8950100268,서울특별시 성동구 뚝섬로 392 (성수동2가 )1층
415,이안식당,2950802470,"서울특별시 성동구 성덕정길 82-1 (성수동2가, 맹자빌딩 )1층 1호 이안식당"
416,니드스윗,5392600963,서울특별시 성동구 아차산로1길 9 (성수동1가 )1층
417,황토족발-왕십리점,3695000471,서울특별시 성동구 왕십리로24길 39-1 (홍익동 )1층
418,도스타코스 신금호역점,3622001036,"서울특별시 성동구 금호산길 59 (금호동2가, 신금호재가노인복지센터 )1층"
419,밥샵,3940300226,서울특별시 성동구 마조로 56 (마장동 )1층
420,오버나잇 커피 로스터스,2223600875,"서울특별시 성동구 왕십리로 410 (하왕십리동, 센트라스 101동)J동 B106-1호"
421,부성식당 아구찜&철판낙지,2461200399,서울특별시 성동구 왕십리로28길 4 (도선동 )1층
422,카페낭만부부,2341701876,서울특별시 성동구 사근동길 20-22 (사근동 )1층
423,행당개인카페,2403600460,서울특별시 성동구 행당로 112 (행당동 )1동 1층
424,유캔두잇(행당점),8861701435,"서울특별시 성동구 독서당로59길 84 (행당동, 신동아아파트 상가동)2층 203호"
425,전과함께,2997300278,서울특별시 성동구 무학봉15길 28-1 (하왕십리동 )1층
426,제이제이크로플,2080926757,서울특별시 성동구 무학봉15길 28-1 (하왕십리동 )1층
427,달드,7240302065,서울특별시 성동구 무학봉15길 14 (하왕십리동 )1층
428,슬기로운혼밥생활 왕십리점,2290764583,서울특별시 성동구 무학로8길 11 (왕십리도선동)1층 102호
429,고기듬뿍통큰비빔밥 왕십리점,2290764583,서울특별시 성동구 무학로8길 11 (왕십리도선동)1층 102호
430,1988응답하라추억의옛날도시락 왕십리점,2290764583,서울특별시 성동구 무학로8길 11 (왕십리도선동)1층 102호
431,엄마밥상 왕십리점,2290764583,서울특별시 성동구 무학로8길 11 (왕십리도선동)1층 102호
432,석봉이네 가래떡볶이 왕십리점,4476700385,서울특별시 성동구 왕십리로31길 16 (하왕십리동 )1층
433,피자파는집 왕십리점,4476700385,서울특별시 성동구 왕십리로31길 16 (하왕십리동 )1층
434,찬란한아구&해물찜 왕십리점,6430402327,"서울특별시 성동구 무학봉26길 2 (하왕십리동, 가온팰리스 )1층 101호"
435,청춘극장,6821800603,서울특별시 성동구 행당로 112-5 (행당동 )1층
436,마라전설 덮밥,7430901720,"서울특별시 성동구 왕십리로 410 (왕십리도선동,센트라스)제이동 126호 "
437,텍사스윙 왕십리점,7764600070,서울특별시 성동구 마장로 206 (왕십리도선동)1층
438,야미요거트얌얌,5804100659,서울특별시 성동구 마장로 316-1 (마장동)2층
439,마녀짜장 왕십리역점,7020400948,서울특별시 성동구 왕십리로21길 11 (행당제1동)2층
440,맛있는중국집 블랙&압구정,7020400948,서울특별시 성동구 왕십리로21길 11 (행당제1동)2층
441,커피온리팔공티성수점,2992900692,서울특별시 성동구 연무장7길 8-1 (성수동2가 )1층
442,대한민국 초밥&참치,5690701375,"서울특별시 성동구 난계로 32 (금호동1가, 성산빌딩 )1층 103,104호"
443,좋은초밥 왕십리점,4213101200,서울특별시 성동구 무학봉15다길 4 (하왕십리동 )1층
444,착한집 장수왕족발보쌈,2063043792,서울특별시 성동구 광나루로11길 31-1 (송정동 )1층 101호
445,1997 바베큐,5081892144,"서울특별시 성동구 마장로 137 (상왕십리동, 텐즈힐 201동)403동 1층 129호"
446,수유리혼밥왕 왕십리점,4971901113,"서울특별시 성동구 마장로 137 (상왕십리동, 텐즈힐 214동, 403동(상가))1층 129호"
447,왕손피자 토핑이많아 맛있는 성동점,3020816710,서울특별시 성동구 고산자로10길 22 (행당동 )1층
448,죠샌드위치 금호점,5754100846,서울특별시 성동구 금호산길 3 (금호동3가 )1층
449,진숙이모네배달,2953600591,서울특별시 성동구 독서당로 296-1 (금호동4가 )지하1층
450,지니어스커피바,2183300045,서울특별시 성동구 독서당로 290-1 (금호동4가 가동)나동1.2.3층 지니어스커피바
451,뚜레쥬르 성수역점,2063022332,"서울특별시 성동구 성수이로 113 (성수동2가, 제강빌딩 )1층"
452,뚜레쥬르 금호역점,2062335862,서울특별시 성동구 장터길 25 (금호동3가 )
453,뚜레쥬르 행당역점,7030802137,서울특별시 성동구 행당로17길 3 (행당동 )1층
454,칠칠켄터키 한양대점,5462101155,"서울특별시 성동구 마조로 17 (행당동, 한양시장 )2층"
455,커피가루,2073100605,서울특별시 성동구 무학로2길 48 (도선동 )1층
456,피자시즌,7513600937,서울특별시 성동구 성수이로14길 1 (성수동2가 )가동 1층
457,뜸들이다 신금호점,6516800434,서울특별시 성동구 무수막길 89-5 (금호동2가 )1층
458,떡참 성동금호점,8961300115,서울특별시 성동구 무수막길 58 (금호동2가 )1층
459,맛있는 빙달 눈꽃빙수카페 동대문점,1120596463,"서울특별시 성동구 마장로 137 (상왕십리동, 텐즈힐 201동)402동 217호"
460,빙달 동대문점,1120596463,"서울특별시 성동구 마장로 137 (상왕십리동, 텐즈힐 201동)402동 217호"
461,에그2000 서울행당점,4840102450,"서울특별시 성동구 행당로 100 (행당동 )지1 , 1,2층"
462,신의한국수 본점,7805200444,"서울특별시 성동구 광나루로 320-1 (성수동2가, 에딘버그골프연습장 가동)가동. 1층 신의한국수"
463,셀럽드 샐러드,1212862006,서울특별시 성동구 왕십리로16가길 20 (성수동1가 )1층
464,일차돌,4412300874,"서울특별시 성동구 상원길 36 (성수동1가, 두루지기시스템 )1층"
465,새벽대게 금호점,1588501912,"서울특별시 성동구 금호산길 53-1 (금호동2가, 미용실 )1층 새벽대게"
466,카페 오아시스,5850101429,"서울특별시 성동구 왕십리로21길 29 (행당동, 관인우성속셈학원 )1층, 101호"
467,돼지곱창전문점 돼지곱창히어로,1112799116,서울특별시 성동구 마장로 209 (홍익동 )102호
468,달걀폭탄냉면히어로,1112799116,서울특별시 성동구 마장로 209 (홍익동 )102호
469,참실이 임실두판피자,8550601546,서울특별시 성동구 무수막길 85 (금호동2가 )1층
470,폴핑피자,8550601546,서울특별시 성동구 무수막길 85 (금호동2가 )1층
471,성수닭발,2021451344,서울특별시 성동구 상원12길 17-10 (성수동1가 )1층
472,공차 왕십리역사점,1491400281,"서울특별시 성동구 왕십리광장로 17 (행당동, 왕십리민자역사 )지상2층"
473,타이인플레이트 사근본점,5151960860,"서울특별시 성동구 사근동8길 3 (사근동, 우리빌딩 )1ㅈ등"
474,나마참치&스시,2853400678,"서울특별시 성동구 마장로 137 (왕십리도선동,텐즈힐)221동 1층 1142호"
475,타이킴 쌀국수,3815400620,서울특별시 성동구 독서당로 303-4 (금호동3가 )1층
476,7번가피자 한양대점,6723700169,서울특별시 성동구 사근동길 18 (사근동 )1층 101호
477,가마로강정 왕십리점,5913301309,서울특별시 성동구 행당로8길 6 (행당동 )1층
478,BHC 한양대마장점,6923601001,서울특별시 성동구 사근동길 18 (사근동 )1층
479,명가통닭 성동구청점,7361300676,"서울특별시 성동구 왕십리로24나길 20 (도선동, 창성빌딩 )1층"
480,5학년2반 두마리오븐치킨,5683300407,서울특별시 성동구 무수막길 85 (금호동2가 )2층 일부
481,5학년2반 두마리치킨&도시락보쌈,5683300407,서울특별시 성동구 무수막길 85 (금호동2가 )2층 일부
482,붐비 boom.B,6430502213,"서울특별시 성동구 고산자로2길 67 (행당동, 서울숲리버뷰자이(상가1동) 상가1동)1층 1106호 "
483,왕십리곱창아구찜,5200102867,"서울특별시 성동구 무학로 33 (하왕십리동, 텐즈힐 156동(상가))1층 101호"
484,삼촌횟집,6186400287,서울특별시 성동구 용답19길 18-1 (용답동 )1층 4호
485,푸라닭 옥수점,1011393379,서울특별시 성동구 독서당로 208 (옥수동 )3층
486,삼첩분식 왕십리점,1913201102,서울특별시 성동구 무학봉21길 11 (하왕십리동 )1층
487,불티상회,4735200809,서울특별시 성동구 용답29길 26 (용답동 )1층
488,깜왕돈까스,5554800671,서울특별시 성동구 용답중앙15길 15 (용답동 )1층
489,프레드피자 성동점,2601302051,서울특별시 성동구 왕십리로31나길 21 (하왕십리동 )1층 102호
490,순살몬스터 성수마을점,2041720756,"서울특별시 성동구 성수일로8길 47 (성수2가제3동,성수동 롯데캐슬파크)104"
491,페리카나 왕십리점,2062319988,서울특별시 성동구 무학봉15길 23 (하왕십리동 )1층
492,처갓집양념치킨 왕십리점,7100901133,서울특별시 성동구 마장로23길 7 (홍익동 )1층
493,종로계림닭도리탕 왕십리점,2065400692,서울특별시 성동구 무학로2길 35 (도선동 )2층
494,땅스즉석떡볶이 용답로데오점,3082001653,"서울특별시 성동구 용답중앙15길 2 (용답동, 정치과의원 )1층(용답동)"
495,팔팔랭삼식당,3783001194,"서울특별시 성동구 용답중앙길 58 (용답동, 부성빌딩 )101호 102호"
496,마왕족발 왕십리역점,1484100358,서울특별시 성동구 행당로17길 23-1 (행당동 )1층
497,주식회사 고기당 왕십리점,5748501905,"서울특별시 성동구 무학봉15가길 4 (하왕십리동, 무학유치원 )"
498,오늘은 새우회 성동점,2173101178,서울특별시 성동구 행당로8길 41-2 (행당제2동)1층
499,밥도둑비빔밥오지게먹게,5993001262,"서울특별시 성동구 독서당로 272 (금호동4가, 금호동 대우아파트 관리사무소)상가동 4층 411호"
500,한끼한죽,5993001262,"서울특별시 성동구 독서당로 272 (금호동4가, 금호동 대우아파트 관리사무소)상가동 4층 411호"
501,볶가 볶음우동 가장맛있는집 왕십리점,8380502257,서울특별시 성동구 왕십리로24길 29 (왕십리도선동)103호
502,양꼬치잇데이 왕십리점,8951102080,서울특별시 성동구 마장로 204-1 (홍익동 )1층
503,청춘닭꼬치 왕십리점,8951102080,서울특별시 성동구 마장로 204-1 (홍익동 )1층
504,큰집닭강정(행당점),8895400333,서울특별시 성동구 무학봉길 54-1 (하왕십리동 )1층
505,땅스즉석떡볶이 서울성수점,3731701676,서울특별시 성동구 상원길 58 (성수동1가 )1층
506,백채김치찌개 금호역점,4391700813,서울특별시 성동구 장터길 27-2 (금호동3가 )1층
507,호식이두마리치킨 서울숲점,2081212627,서울특별시 성동구 성수이로 23 (성수동2가 )1층
508,레알간장게장 왕십리점,4204900687,서울특별시 성동구 고산자로 232 (행당동 )1층
509,60계치킨 서울성수점,3461402046,서울특별시 성동구 상원12길 34 (성수동1가 )1층 102호
510,홍익스테이크 왕십리점,6680101952,"서울특별시 성동구 왕십리로 410 (하왕십리동, 센트라스 101동)1동 1층 123호"
511,성식이네 매운닭발,2170948565,서울특별시 성동구 마장로 220 (홍익동 )1층
512,라이크어시네마 신금호점,1870202425,서울특별시 성동구 행당로 41 (금호동1가 )1층 라이크어시네가 신금호점
513,피자헛 왕십리한양대점,1208163948,서울특별시 성동구 왕십리로 259 (행당동 )3층
514,피자헛 금호사거리점,1208163948,서울특별시 성동구 금호로 62 (금호동1가 )1층
515,땅스부대찌개 서울성수점,3731701676,서울특별시 성동구 상원길 58 (성수동1가 )1층
516,해피치즈스마일 성수점,4478102579,"서울특별시 성동구 뚝섬로17가길 48 (성수동2가, 성수에이원 지식산업센터 )102호"
517,원할머니보쌈족발 용답답십점,2280762957,서울특별시 성동구 용답중앙15길 17 (용답동 )1층
518,파바포장-파리바게뜨 금호역점,5753900275,"서울특별시 성동구 동호로 93 (금호동4가, 브라운스톤 금호2차 201)401동 지2층 4호"
519,지하대피소,1061344311,서울특별시 성동구 동일로43길 1 (송정동 )지하층
520,파리바게뜨 금호역점,5753900275,"서울특별시 성동구 동호로 93 (금호동4가, 브라운스톤 금호2차 201)401동 지2층 4호"
521,연탄직화닭발,1144200347,서울특별시 성동구 용답19길 14-1 (용답동 )1층
522,금성면옥,6650302354,서울특별시 성동구 금호산2길 8 (금호동3가 )1층 102호
523,빨간마초닭발 성수점,7233200477,서울특별시 성동구 성덕정길 44 (성수동1가 )
524,애프터드링크버거,3793001014,"서울특별시 성동구 왕십리로 294-2 (행당동, 대도빌딩 )1층"
525,하남돼지집 왕십리역점,4753800207,서울특별시 성동구 왕십리로 311-1 (행당동 )1층
526,소곱창전문점 곱창히어로,1112799116,서울특별시 성동구 마장로 209 (홍익동 )102호
527,불티나는 압력솥 김치찜 1392,7944800034,"서울특별시 성동구 마장로 137 (왕십리도선동,텐즈힐)221동 2층"
528,명인갈비 성수점,6644100637,"서울특별시 성동구 성덕정15길 12 (성수동2가, 성동상가아파트 )1층 3호"
529,땅스부대찌개 용답로데오점,3082001653,"서울특별시 성동구 용답중앙15길 2 (용답동, 정치과의원 )1층(용답동)"
530,마라영웅 금호점,5597400274,서울특별시 성동구 장터길 38-1 (금호동4가 )지하3층
531,버거쑈,5101766564,"서울특별시 성동구 마조로 35 (행당동, 서전빌딩 )지상1층 101호"
532,에그드랍 성수역점,2721301069,서울특별시 성동구 아차산로7길 9-2 (성수동2가 )1층
533,푸른바다 생선구이 탕 & 조림 전문점,3555700281,서울특별시 성동구 무학로2나길 28 (도선동 )1층
534,화이트비치,3720601702,"서울특별시 성동구 왕십리로 410 (하왕십리동, 센트라스 109동, C동)센트라스 상가 C동 106호"
535,KFC 왕십리역사점,2018189723,"서울특별시 성동구 왕십리광장로 17 (행당동, 왕십리민자역사 )1층 C-02호"
536,서박사부대찌개 금호점,7401201060,서울특별시 성동구 금호산길 42 (금호동2가 )1층
537,타쿠,7697400115,서울특별시 성동구 용답중앙길 47-1 (용답동 )1층
538,멘부리,3732101407,서울특별시 성동구 무수막길 89-5 (금호동2가 )2층
539,스파게티스토리 왕십리뉴타운점,1164100666,"서울특별시 성동구 왕십리로 410 (하왕십리동, 센트라스 101동)아이동 124호"
540,바코드커피,2344500400,서울특별시 성동구 무학봉15다길 4 (하왕십리동 )1층
541,맵당 매운갈비찜한양대점,4391701772,서울특별시 성동구 마조로7길 14 (행당동 )2층
542,보끔당,4798502098,"서울특별시 성동구 아차산로 103 (성수동2가, 영동테크노타워 )102호"
543,안주한입 술한잔,8504200744,서울특별시 성동구 광나루로11길 13-1 (송정동)1층
544,또야네집밥,4821001627,서울특별시 성동구 고산자로6길 31-2 (행당제1동)1층
545,방가네소고기국밥,1351439147,서울특별시 성동구 무학로6길 36 (왕십리도선동)1층
546,바사칸동네치킨 성동1호점,5101151017,서울특별시 성동구 행당로17길 42 (왕십리제2동)1층
547,땅스즉석떡볶이 서울금호점,4794000726,서울특별시 성동구 장터길 43-3 (금호2.3가동)1층
548,에그박스 상왕십리점,7930901725,서울특별시 성동구 왕십리로 359 (하왕십리동 )1층
549,과자점 진심,3111269561,"서울특별시 성동구 독서당로 166 (옥수동, 한남 더 리버 오피스텔 )104호"
550,포메인레드  왕십리점,6022392760,"서울특별시 성동구 왕십리광장로 17 (행당동, 왕십리민자역사 )3층 RE-04-1호"
551,포도빵집,4174110688,서울특별시 성동구 서울숲7길 9-1 (성수동1가 )1층
552,모퉁이와플,1504200362,서울특별시 성동구 상원1길 33 (성수동1가 )1층
553,차이니포,5465400663,서울특별시 성동구 무수막길 89-5 (금호동2가 )1층 101호
554,영주식당,6281601735,서울특별시 성동구 마장로 203 (홍익동 )1층
555,한마음 왕족발,2062839392,서울특별시 성동구 무학봉15가길 7 (하왕십리동 )1층
556,식물원김밥,8353301174,"서울특별시 성동구 무학로 33 (하왕십리동, 텐즈힐 101동)155동 101호"
557,족보잇는국밥 밀면 딜리버리,8331001349,서울특별시 성동구 마장로27길 4 (마장동 )1층
558,낙곱새의정석 사위식당 성수점,2507800282,"서울특별시 성동구 연무장5길 9-16 (성수동2가, 블루스톤타워 )지하1층 102호"
559,마장감자탕&곰탕,4140822456,서울특별시 성동구 마장로23길 7 (홍익동 )1층 1호
560,대끼리 곱창대창 전골 광진성동점,7032601113,서울특별시 성동구 동일로59길 4 (송정동)1층 101호
561,선굼터 답십리점,2062232567,서울특별시 성동구 용답중앙15길 5 (용답동)1층
562,한양대육회집,5591202202,서울특별시 성동구 마조로7길 6 (행당동 )지하1층
563,최고당불냉면&돈까스(신금호점),7373001020,서울특별시 성동구 금호산길 58 (금호2.3가동)1층 101호
564,오늘도 빙수 왕십리점,3640902069,서울특별시 성동구 무학봉16길 26-9 (행당동 )지1층(행당동)
565,죽이요 행당점,4845300558,서울특별시 성동구 행당로8길 41-2 (행당제2동)1층(코너 두번째 상가)
566,88매운떡볶이 행당점,4056200256,서울특별시 성동구 행당로 133 (행당제1동)지하1층
567,카페희다 왕십리센트라스점,4961801563,"서울특별시 성동구 왕십리로 410 (하왕십리동, 센트라스 101동)I동 1층 127호"
568,마이요거트립 아이스크림 금호점,3462701329,"서울특별시 성동구 금호로 40 (금호동4가, 힐스테이트 서울숲리버 114동)상가동 지2층 12호"
569,가장맛있는족발 답십리역점,7131600882,서울특별시 성동구 용답중앙15길 7-1 (용답동 )1동
570,연어아저씨,8854400633,서울특별시 성동구 용답중앙15길 15-6 (용답동 )
571,북촌손만두 성수역점,2186400108,"서울특별시 성동구 아차산로7길 7 (성수동2가, 동진빌딩 가동)1층"
572,와플대학 신금호역캠퍼스점,6720302667,서울특별시 성동구 금호산길 67 (금호2.3가동)1층
573,파바포장-파리바게뜨 PB한양대학교병원점,5278501267,"서울특별시 성동구 왕십리로 222-1 (사근동, 한양대학교병원 )1층"
574,파리바게뜨 PB한양대학교병원점,5278501267,"서울특별시 성동구 왕십리로 222-1 (사근동, 한양대학교병원 )1층"
575,대만 도삭 우육면&밥 행당점,5912101437,서울특별시 성동구 왕십리로21길 30 (행당제1동)1층
576,김한수,5032199399,서울특별시 성동구 고산자로8길 23-1 (행당제1동)1층
577,순살몬스터 금호마을점,1387300202,서울특별시 성동구 무수막길 62 (금호2.3가동)1층
578,티바두마리치킨,1387300202,서울특별시 성동구 무수막길 62 (금호2.3가동)1층
579,음식공작소 충무김밥,4031722031,서울특별시 성동구 광나루로11길 36 (송정동)1층
580,장담그는 언니덮밥,4031722031,서울특별시 성동구 광나루로11길 36 (송정동)1층
581,짱닭치킨 신금호점,2063052137,서울특별시 성동구 무수막길 82 (금호2.3가동)지상 1층
582,싸다김밥 한양대점,4368702455,서울특별시 성동구 마조로 27 (사근동)1층
583,미미마라탕,5912101437,서울특별시 성동구 왕십리로21길 30 (행당제1동)1층
584,뚱타코&타코야끼카페,2126200580,서울특별시 성동구 왕십리로21길 11 (행당제1동)1층 (행당동)
585,본도시락&샐러드 한양대후문점,2063133781,서울특별시 성동구 마조로 34 (사근동)
586,본도시락 한양대후문점,2063133781,서울특별시 성동구 마조로 34 (사근동)
587,부산낙곱새회관 성동도선점,8920100861,"서울특별시 성동구 무학로6길 50 (왕십리도선동,성동삼성쉐르빌)101동 1층 160호(도선동, 성동삼성쉐르빌)"
588,무한 왕십리장어,2063162272,"서울특별시 성동구 왕십리로 327 (왕십리제2동)(하왕십리동, 2층 1호"
589,테트리스찜닭 왕십리점,8730301223,서울특별시 성동구 고산자로8길 20 (행당제1동)1층 2호(행당동)
590,왕십리정부네곱창,1072812591,서울특별시 성동구 마장로 228-24 (왕십리도선동)1층
591,드림정 고구마&카페,2075000305,"서울특별시 성동구 용답19길 12-1 (용답동)1층,(용답동)"
592,죽이요 행당점,2173101178,서울특별시 성동구 행당로8길 41-2 (행당제2동)1층
593,탄탄면공방,3631501471,"서울특별시 성동구 왕십리로20길 36-1 (왕십리도선동,뉴센트빌)1층, 101호(홍익동, 뉴센트빌)"
594,고니야 밀푀유,3631501471,"서울특별시 성동구 왕십리로20길 36-1 (왕십리도선동,뉴센트빌)1층, 101호(홍익동, 뉴센트빌)"
595,영구스피자 성수점,2060195306,서울특별시 성동구 성덕정길 25 (성수1가제1동)1층
596,티바두마리치킨 성수화양점,2041720756,"서울특별시 성동구 성수일로8길 47 (성수2가제3동,성수동 롯데캐슬파크)104"
597,이삭토스트 행당점,8570700050,서울특별시 성동구 행당로 119 (행당제1동)1층
598,이삭토스트 한양대점,6311101866,서울특별시 성동구 마조로 24 (사근동)1층(행당동)
599,이삭토스트 성수2가점,7431101102,서울특별시 성동구 광나루로6길 35 (성수2가제3동)1층 107호
600,본죽 &비빔밥 성수힐스테이트점,2160372003,서울특별시 성동구 성수일로4길 37 (성수2가제1동)1층
601,규리네과일가게 성수본점,7161300987,서울특별시 성동구 뚝섬로 392 (성수2가제1동)1층
602,푸른바다찜탕&아구찜해물찜,4070962398,서울특별시 성동구 용답25다길 23 (용답동)1층(용답동)
603,두찜 한양대점,7611701344,서울특별시 성동구 살곶이길 346-1 (행당동 )1층
604,두찜 성동금호점,3741301180,서울특별시 성동구 독서당로 303-10 (금호동3가 )1층
605,취향저격안심탕수육성동구점,6140648125,서울특별시 성동구 살곶이8길 2 (사근동)지1층
606,야꼬닭숯불바베큐성동구점,6140648125,서울특별시 성동구 살곶이8길 2 (사근동)지1층
607,둘둘치킨 옥수역점,2063209139,서울특별시 성동구 한림말5길 11 (옥수동)바로바로빌딩 1층
608,호식이두마리치킨 옥수점,2355200643,서울특별시 성동구 한림말길 31 (옥수동)110호
609,샐러디 성수점,2020468434,서울특별시 성동구 성수일로10길 26 (성수2가제3동)하우스디 세종타워 상가동 1층 104호
610,또와분식,4762500705,서울특별시 성동구 마장로35나길 40 (마장동)1층 101호
611,봉평옹심이메밀칼국수,1695700337,서울특별시 성동구 용답19길 11-1 (용답동)1층
612,또야네보쌈,4821001627,서울특별시 성동구 고산자로6길 31-2 (행당제1동)1층
613,매우당 매운갈비찜 금호점,1723600721,서울특별시 성동구 독서당로 299-6 (금호2.3가동)1층
614,파스쿠찌 신금호역점,2068686352,"서울특별시 성동구 무수막길 95 (금호동2가, 솔베이그 )1,2층 금호동2가"
615,족발야시장 성수점,6180976226,서울특별시 성동구 광나루로 325 (송정동)1층
616,더킹돈 뚝섬점,1893301014,서울특별시 성동구 상원길 46 (성수1가제2동)1층
617,피터팬 돈까스 스파게티,2061626711,서울특별시 성동구 성덕정15길 6-39 (성수2가제1동)1층
618,참참치킨,3152263613,서울특별시 성동구 성덕정길 99 (성수2가제1동)1층
619,배스킨라빈스 행당점,8810601448,서울특별시 성동구 행당로 101 (행당동 )1층
620,배스킨라빈스 한양대점,2062475236,"서울특별시 성동구 마조로 25 (행당동, 제일빌딩 )103.5호"
621,배스킨라빈스 왕십리역사점,2068526191,"서울특별시 성동구 왕십리광장로 17 (행당동, 왕십리민자역사 )2층"
622,배스킨라빈스 옥수역점,5362600756,"서울특별시 성동구 한림말1길 10 (옥수동, 예건네스빌 )101호"
623,배스킨라빈스 성수이마트점,2062076862,"서울특별시 성동구 뚝섬로 379 (성수동2가, 이마트 성수점 )이마트 3층"
624,배스킨라빈스 성수역점,2063078078,서울특별시 성동구 아차산로7길 4 (성수동2가 )1층
625,배스킨라빈스 성동금호점,3570700069,서울특별시 성동구 독서당로 314 (금호동4가 )1층
626,배스킨라빈스 서울숲점,3742300399,"서울특별시 성동구 왕십리로 114 (성수동1가, 신한빌딩 )지상1층"
627,던킨 왕십리민자역사점,2068526186,"서울특별시 성동구 왕십리광장로 17 (행당동, 왕십리민자역사 )1층"
628,던킨 신금호역파크자이점,6352001123,"서울특별시 성동구 금호로 173 (금호동2가, 신금호파크자이 101동)상가동 지1층 15호"
629,파바포장-파리바게뜨 행당점,7122900268,"서울특별시 성동구 행당로6길 97 (행당동, 행당한진타운 성광교회 )B2층 비203호,비208호"
630,파바포장-파리바게뜨 한양대점,6631900929,서울특별시 성동구 사근동길 2 (행당동 )
631,파바포장-파리바게뜨 왕십리텐즈힐점,4590100359,"서울특별시 성동구 무학로 33 (하왕십리동, 텐즈힐 151동(상가))1층 101호"
632,파바포장-파리바게뜨 왕십리점,2061681413,"서울특별시 성동구 왕십리로 328 (도선동 )1,2층"
633,파바포장-파리바게뜨 왕십리역사점,2062453227,"서울특별시 성동구 왕십리광장로 17 (행당동, 왕십리민자역사 )지상2층"
634,파바포장-파리바게뜨 왕십리무학점,1643100593,"서울특별시 성동구 왕십리로 355 (하왕십리동, 새성동빌딩 )1층"
635,파바포장-파리바게뜨 신금호역점,2063230781,"서울특별시 성동구 금호산길 65 (금호동2가 )1층,2층"
636,파바포장-파리바게뜨 성동세무서점,1322078439,"서울특별시 성동구 광나루로 319 (송정동, 바른이치과 )"
637,파바포장-파리바게뜨 성동금호점,1061365558,서울특별시 성동구 독서당로 312 (금호동4가 )1층
638,파바포장-파리바게뜨 성동구민회관점,4475100410,"서울특별시 성동구 고산자로6길 40 (행당동, 행당동 레몬프라자 )118,120호"
639,파바포장-파리바게뜨 마장역점,2310601401,"서울특별시 성동구 마장로 283 (마장동, 동호빌딩 )1층"
640,파바포장-파리바게뜨 서울숲역점,2060681675,서울특별시 성동구 왕십리로 92 (성수동1가 )
641,파바포장-파리바게뜨 뚝섬역점,4112908988,"서울특별시 성동구 상원길 39 (성수동1가, 중앙하이츠빌 상가)105호,106호,107호"
642,파바포장-파리바게뜨 뚝도시장점,2061135836,서울특별시 성동구 둘레11길 25 (성수동2가 )1층
643,파바포장-파리바게뜨 금호1가점,6501301274,서울특별시 성동구 난계로 35 (금호동1가 )1층
644,지코바 성수1호점,2525400604,서울특별시 성동구 광나루로 156 (성수1가제2동)지코바
645,파리바게뜨 성동구민회관점,4475100410,"서울특별시 성동구 고산자로6길 40 (행당동, 행당동 레몬프라자 )118,120호"
646,파리바게뜨 뚝섬역점,4112908988,"서울특별시 성동구 상원길 39 (성수동1가, 중앙하이츠빌 상가)105호,106호,107호"
647,파리바게뜨 성동금호점,1061365558,서울특별시 성동구 독서당로 312 (금호동4가 )1층
648,파리바게뜨 마장역점,2310601401,"서울특별시 성동구 마장로 283 (마장동, 동호빌딩 )1층"
649,파리바게뜨 왕십리무학점,1643100593,"서울특별시 성동구 왕십리로 355 (하왕십리동, 새성동빌딩 )1층"
650,파리바게뜨 행당점,7122900268,"서울특별시 성동구 행당로6길 97 (행당동, 행당한진타운 성광교회 )B2층 비203호,비208호"
651,파리바게뜨 왕십리텐즈힐점,4590100359,"서울특별시 성동구 무학로 33 (하왕십리동, 텐즈힐 151동(상가))1층 101호"
652,파리바게뜨 신금호역점,2063230781,"서울특별시 성동구 금호산길 65 (금호동2가 )1층,2층"
653,파리바게뜨 성동세무서점,1322078439,"서울특별시 성동구 광나루로 319 (송정동, 바른이치과 )"
654,파리바게뜨 왕십리점,2061681413,"서울특별시 성동구 왕십리로 328 (도선동 )1,2층"
655,파리바게뜨 뚝도시장점,2061135836,서울특별시 성동구 둘레11길 25 (성수동2가 )1층
656,파리바게뜨 서울숲역점,2060681675,서울특별시 성동구 왕십리로 92 (성수동1가 )
657,파리바게뜨 금호1가점,6501301274,서울특별시 성동구 난계로 35 (금호동1가 )1층
658,파리바게뜨 한양대점,6631900929,서울특별시 성동구 사근동길 2 (행당동 )
659,파리바게뜨 왕십리역사점,2062453227,"서울특별시 성동구 왕십리광장로 17 (행당동, 왕십리민자역사 )지상2층"
660,알촌 한양대점,3331400019,서울특별시 성동구 마조로3길 6 (사근동)
661,1392 압력솥사골김치찜,8827300366,서울특별시 성동구 동일로59길 4 (송정동 )1층
662,자담치킨 행당점,5032199399,서울특별시 성동구 고산자로8길 23-1 (행당제1동)1층
663,크로플각 금호점,4752001744,서울특별시 성동구 독서당로46가길 4 (금호4가동)지1층
664,푸라닭 성수1가점,5470102353,서울특별시 성동구 성수일로 10 (성수1가제1동)1층 103호
665,푸라닭 응봉점,8240301707,"서울특별시 성동구 독서당로 384 (응봉동, 중앙노인정 )1층 101호"
666,이쉐프의 회뜰레옹,6957500368,"서울특별시 성동구 무학로 33 (왕십리도선동,텐즈힐)153동 1층 102호"
667,뉴비어양꼬치&마라탕,3554800713,서울특별시 성동구 용답중앙15길 1 (용답동)2층 (용답동)
668,하노이응우엔쌀국수&숯불구이 왕십리,4330502009,"서울특별시 성동구 왕십리로 410 (왕십리도선동,센트라스)엘동 지하1층 B126호"
669,아수라떡볶이 상왕십리점,4330502009,"서울특별시 성동구 왕십리로 410 (왕십리도선동,센트라스)엘동 지하1층 B126호"
670,냉면장인 임사부,4330502009,"서울특별시 성동구 왕십리로 410 (왕십리도선동,센트라스)엘동 지하1층 B126호"
671,맘스터치 행당역점,4713300909,서울특별시 성동구 고산자로 201 (행당제2동)1층
672,맘스터치 한양대점,2332700136,서울특별시 성동구 마조로 31 (사근동)2층
673,시카고부대찌개 왕십리점,6182618427,"서울특별시 성동구 마장로 137 (왕십리도선동,텐즈힐)221동 1층 1144호-1145호"
674,울엄마김치찜갈비찜 황학사거리점,6182618427,"서울특별시 성동구 마장로 137 (왕십리도선동,텐즈힐)221동 1층 1144호-1145호"
675,맘스터치 신금호역점,4304800315,서울특별시 성동구 금호로 160 (금호1가동)지1층
676,일미리금계찜닭 텐즈힐점,2011093208,"서울특별시 성동구 마장로 137 (왕십리도선동,텐즈힐)221동 134호 (상왕십리동, 왕십리뉴타운제2구역 텐즈힐아파트상가)"
677,야미마라탕,3431801556,"서울특별시 성동구 무학로 33 (왕십리도선동,텐즈힐)151동 1층 106호"
678,맛드림우거지감자탕,3431801556,"서울특별시 성동구 무학로 33 (왕십리도선동,텐즈힐)151동 1층 106호"
679,두찜 성동왕십리점,2925700471,"서울특별시 성동구 마장로 137 (왕십리도선동,텐즈힐)402동 1층 115호 (상왕십리동, 텐즈힐)"
680,맘스터치 성수역점,8481801478,서울특별시 성동구 성수이로20길 3 (성수2가제3동)1층 103호
681,초밥짓는 정노,4305300056,서울특별시 성동구 용답중앙15길 9 (용답동)1층
682,BHC 행당점,2492501344,서울특별시 성동구 무학봉길 43 (왕십리제2동)1층
683,럼프슈가,2042919612,서울특별시 성동구 용답29길 28 (용답동)1층 럼프슈가
684,맘스터치 성동금호점,8104100642,서울특별시 성동구 독서당로 296-1 (금호4가동)1층
685,식사준비 옥수점[밀키트],2913000938,서울특별시 성동구 독서당로 223 (옥수동)지하4층
686,커피사피엔스 성수현대테라스점,8960901489,서울특별시 성동구 연무장5가길 7 (성수2가제3동)1층 108호
687,누루주먹밥 왕십리뉴타운점,1092498734,"서울특별시 성동구 왕십리로 410 (왕십리도선동,센트라스)1층"
688,함흥순대국,2063030808,서울특별시 성동구 금호로 82-1 (금호1가동)1층
689,철순이네 김치찌개 왕십리점,8662800627,서울특별시 성동구 고산자로 290-10 (행당제1동)1층
690,또래오래-성동행당점,2061598085,서울특별시 성동구 고산자로6가길 44 (행당제1동)
691,죽사랑,3094400099,서울특별시 성동구 상원10길 8-1 (성수1가제2동)성수동 1가
692,혼밥대왕 도시락 왕십리점,7081201197,서울특별시 성동구 무학봉15길 26-1 (왕십리제2동)1층
693,베이킷 업,1823700953,서울특별시 성동구 광나루로11길 26 (송정동)1층 101호
694,마라민족 마라탕 마라샹궈,2576700370,"서울특별시 성동구 왕십리로 410 (왕십리도선동,센트라스)I동 1층 125호"
695,배떡 왕십리점,6634600584,"서울특별시 성동구 왕십리로 410 (왕십리도선동,센트라스)D동 B101호"
696,일정,2142086153,서울특별시 성동구 성덕정길 44 (성수1가제1동)1층
697,토마토피자 광진성동점,4060229325,서울특별시 성동구 광나루로11길 50 (송정동)102호(송정동)
698,생활맥주 옥수역점,2738500605,서울특별시 성동구 한림말5길 17 (옥수동)102호
699,착한족발,2063186916,서울특별시 성동구 뚝섬로 396 (성수2가제1동)1층동
700,생활맥주 한양대점,7358501306,서울특별시 성동구 마조로7길 10 (사근동)1층
701,옥수동 묵은지 김치찜 ,8651201582,서울특별시 성동구 금호산길 66-1 (금호2.3가동)2층 202호
702,화채꽃,8651201582,서울특별시 성동구 금호산길 66-1 (금호2.3가동)2층 202호
703,교촌치킨 금호역점,2063081632,서울특별시 성동구 장터길 26 (금호4가동)1층
704,김종용누룽지통닭,1010356467,"서울특별시 성동구 마조로5길 7 (사근동)1,2층"
705,샐러디 한양대점,1877600428,서울특별시 성동구 마조로 24 (사근동)102호
706,최고당돈가스 신금호점,7373001020,서울특별시 성동구 금호산길 58 (금호2.3가동)1층 101호
707,BHC 금호점,8491501655,서울특별시 성동구 금호산2길 11-1 (금호2.3가동)1층 101호
708,옥수참치,6075295836,서울특별시 성동구 한림말1길 14 (옥수동)1층
709,굽네치킨&피자 상왕십리역점,7110802104,"서울특별시 성동구 왕십리로 410 (하왕십리동, 센트라스 L동)L동 111호"
710,모모타코 용답본점,5094800606,서울특별시 성동구 용답19길 18-1 (용답동)1층
711,이라이 타코야끼&카페,8766800289,서울특별시 성동구 용답중앙11길 2 (용답동)1층
712,강떡즉석떡볶이,7220302147,서울특별시 성동구 왕십리로21길 19 (행당제1동)1층
713,샵샤브,2940302093,"서울특별시 성동구 마장로 137 (왕십리도선동,텐즈힐)401동 1층 109호"
714,슬기로운혼밥생활 2호점,6381701423,서울특별시 성동구 무학로8길 11 (왕십리도선동)102호
715,청담낙곱새,6381701423,서울특별시 성동구 무학로8길 11 (왕십리도선동)102호
716,명품숯불돼지갈비,2290764583,서울특별시 성동구 무학로8길 11 (왕십리도선동)1층 102호
717,청담곱떡,2290764583,서울특별시 성동구 무학로8길 11 (왕십리도선동)1층 102호
718,가츠로케,2063121233,서울특별시 성동구 금호로 102 (금호1가동)
719,행복한 죽,4590601727,서울특별시 성동구 행당로 112 (행당제2동)1층
720,이땔리면옥&곱떡,3071047579,서울특별시 성동구 왕십리로24길 13 (왕십리도선동)1층 
721,계동치킨 금호점,2204700462,서울특별시 성동구 장터길 33 (금호2.3가동)1층 102호
722,욕쟁이할매불냉면 성동점,8380502257,서울특별시 성동구 왕십리로24길 29 (왕십리도선동)103호
723,열정국밥,6012445320,서울특별시 성동구 금호산2길 29-5 (금호동3가)1층 101호
724,하오마라 마라탕 용답점,4531001861,서울특별시 성동구 용답중앙15길 3 (용답동)2층
725,누들보쌈배달만족 왕십리점,7944800034,"서울특별시 성동구 마장로 137 (왕십리도선동,텐즈힐)221동 2층"
726,집으로 간 참치 왕십리점,5316400485,"서울특별시 성동구 마장로 137 (왕십리도선동,텐즈힐)221동 1층 1132호"
727,오일매니아,2063198353,서울특별시 성동구 청계천로 426 (왕십리도선동)1층
728,카르페디엠,2063198353,서울특별시 성동구 청계천로 426 (왕십리도선동)1층
729,아차산 매운떡볶이 성동금호점,3892101101,서울특별시 성동구 금호산2길 5 (금호2.3가동)1층
730,모던키친,3892101101,서울특별시 성동구 금호산2길 5 (금호2.3가동)1층
731,카페일리터 성동점,7370101641,서울특별시 성동구 왕십리로 286 (행당제1동)1층
732,밥도둑 한끼뚝딱,5465200524,서울특별시 성동구 무학봉15길 26-1 (왕십리제2동)2호
733,고기왕창자이언트 비빔밥&덮밥,5465200524,서울특별시 성동구 무학봉15길 26-1 (왕십리제2동)2호
734,자담치킨 서울금호점,8391701685,서울특별시 성동구 금호로 158 (금호1가동)1층
735,참나라숯불바베큐,2061081935,서울특별시 성동구 무수막길 3 (금호2.3가동)101호
736,카페인중독 왕십리점,8834000639,"서울특별시 성동구 마장로 137 (왕십리도선동,텐즈힐)403동 1층 126호"
737,우여사 짜글이,8827300366,서울특별시 성동구 동일로59길 4 (송정동 )1층
738,서울감자탕,7454400392,"서울특별시 성동구 자동차시장1길 94-15 (용답동, 오르세오피스텔)1층 106호"
739,우미도시락,7454400392,"서울특별시 성동구 자동차시장1길 94-15 (용답동, 오르세오피스텔)1층 106호"
740,과일메이드,1171826467,서울특별시 성동구 마장로23길 2-1 (왕십리도선동)1층
741,크리스탈드래곤 홍콩음식점,2985600491,서울특별시 성동구 아차산로17길 48 (성수2가제3동)지하1층 RB110호
742,담초밥,4845300558,서울특별시 성동구 행당로8길 41-2 (행당제2동)1층(코너 두번째 상가)
743,담식당,4845300558,서울특별시 성동구 행당로8길 41-2 (행당제2동)1층(코너 두번째 상가)
744,챔스빈커피 상왕십리점,6140196108,서울특별시 성동구 무학로 8-3 (왕십리도선동)1층
745,박가부대&치즈닭갈비 성수코오롱디지털밸리점,2062798623,서울특별시 성동구 성수이로7길 27 (성수2가제1동)성수코오롱디지털밸리 지하1층 102호
746,박가부대 닭갈비도시락 성수코오롱디지털밸리점,2062798623,서울특별시 성동구 성수이로7길 27 (성수2가제1동)성수코오롱디지털밸리 지하1층 102호
747,영자네곱창 금호점,4914000518,서울특별시 성동구 무수막길 91-1 (금호2.3가동)
748,하노이별 행당점,6811900683,서울특별시 성동구 행당로 125-4 (행당제1동)지하 1층
749,고피자 행당점,7764500506,"서울특별시 성동구 행당로 101 (행당제2동)1층, 101, 102호"
750,이삭토스트 행당점 (포장),8570700050,서울특별시 성동구 행당로 119 (행당제1동)1층
751,이삭토스트 한양대점 (포장),6311101866,서울특별시 성동구 마조로 24 (사근동)1층(행당동)
752,돈치돈치 두루치기(짜글이)의 데일리한끼 행당시장점,4465700627,서울특별시 성동구 무학봉28길 4-1 (왕십리제2동)지하1층 
753,돈치돈치 두루치기&짜글이 왕십리점 ,4465700627,서울특별시 성동구 무학봉28길 4-1 (왕십리제2동)지하1층 
754,이삭토스트 성수2가점 (포장),7431101102,서울특별시 성동구 광나루로6길 35 (성수2가제3동)1층 107호
755,광릉숯불고기101,6992300717,서울특별시 성동구 상원10길 3 (성수1가제2동)1층
756,낭만시스터 성수점,6992300717,서울특별시 성동구 상원10길 3 (성수1가제2동)1층
757,천연냉면,8870402209,"서울특별시 성동구 무학로 33 (왕십리도선동,텐즈힐)156동 1층 105호"
758,용답시장 해원횟집,2062232567,서울특별시 성동구 용답중앙15길 5 (용답동)1층
759,404 김밥,6945600568,서울특별시 성동구 무학로 8-1 (왕십리도선동)1층
760,해양,2110982226,"서울특별시 성동구 금호로 17 (금호4가동,서울숲2차푸르지오)지하1층 108호"
761,윤경,8871401174,"서울특별시 성동구 아차산로 3 (성수1가제2동)101,102호"
762,순우리닭강정,2915600087,서울특별시 성동구 사근동길 23 (사근동)1층
763,찡떡 통오찡어떡볶이 한양대점,2915600087,서울특별시 성동구 사근동길 23 (사근동)1층
764,타코아찌 타코야끼전문점,8246000448,서울특별시 성동구 무학봉길 64 (왕십리제2동)1층
765,세키신 초밥,7681301745,서울특별시 성동구 무학봉26길 10-1 (행당제1동)1층
766,도로시 파스타 연정 왕십리점 ,4071195418,서울특별시 성동구 무학봉28길 4-1 (왕십리제2동)B107호
767,떡가대표,8121301547,서울특별시 성동구 왕십리로 273-1 (행당제1동)1층
768,패티패티,2073161771,"서울특별시 성동구 아차산로13길 33 (성수동2가, 협성빌딩 협성빌딩)1층 105호"
769,집어가 왕십리점,7096100466,"서울특별시 성동구 왕십리로 410 (왕십리도선동,센트라스)E동 1층 103호"
770,광수육회 왕십리점,4032801032,서울특별시 성동구 무학로8길 33 (왕십리도선동)1층 
771,다이어트랩 성수점,3094400099,서울특별시 성동구 상원10길 8-1 (성수1가제2동)성수동 1가
772,누아흐,1011435681,"서울특별시 성동구 성수일로11길 15 (성수1가제2동)제1층 104, 105호(성수동1가, 뚝섬리버빌)"
773,착한대게&랍스타 옥수점,4593900707,"서울특별시 성동구 독서당로 187 (옥수동)상가동 지1층 004호(옥수동,옥수동극동아파트)"
774,이것이국밥이다 옥수점,4593900707,"서울특별시 성동구 독서당로 187 (옥수동)상가동 지1층 004호(옥수동,옥수동극동아파트)"
775,어썸블리스,5280800940,서울특별시 성동구 상원2길 5-11 (성수1가제2동)3층
776,떡볶이플러스 응봉점,2854800506,서울특별시 성동구 독서당로 380 (응봉동)(새마을금고) 1층 우측 점포
777,치킨플러스 응봉점,2854800506,서울특별시 성동구 독서당로 380 (응봉동)(새마을금고) 1층 우측 점포
778,명륜진사갈비 왕십리역점,2063121612,서울특별시 성동구 왕십리로24길 3 (왕십리도선동)1층
779,회떠주는 집,1769100625,서울특별시 성동구 무수막길 91-1 (금호2.3가동)1층
780,33떡볶이 왕십리 뉴타운점 ,5623000956,"서울특별시 성동구 무학로 33 (왕십리도선동,텐즈힐)153동 1층 101호 "
781,떡세스,7420901713,"서울특별시 성동구 왕십리로28길 28-1 (홍익동, 새마을금고)1층"
782,푸짐해153,3652300930,서울특별시 성동구 용답중앙13길 14-1 (용답동)1층
783,둘둘치킨 금호사거리점,1063938385,서울특별시 성동구 금호로 58 (금호1가동)
784,레드브릭 스모크하우스,1360707790,서울특별시 성동구 성덕정길 52-1 (성수1가제1동)1층
785,홍대낙곱새미장원 건대점,7032601113,서울특별시 성동구 동일로59길 4 (송정동)1층 101호
786,피키니키 라자냐,1831201665,서울특별시 성동구 서울숲2길 14 (성수1가제2동)01호
787,교촌치킨 왕십리1호점,2101099415,서울특별시 성동구 왕십리로 363 (왕십리제2동)1층
788,럭키스타 커피로스터스,7762100586,서울특별시 성동구 마조로 22 (사근동)
789,명품 육회와 연어 성동점,2173101178,서울특별시 성동구 행당로8길 41-2 (행당제2동)1층
790,포케박스 왕십리점,3056100487,"서울특별시 성동구 마장로 137 (왕십리도선동,텐즈힐)221동 1층 1159호"
791,카페 Oct.25,8351601293,"서울특별시 성동구 사근동길 53 (사근동,세경빌딩)1층"
792,싸부의가르침,8560201745,서울특별시 성동구 왕십리로 363 (왕십리제2동)1층
793,조개랑 곱창,2062243050,서울특별시 성동구 마장로 285 (마장동) 
794,강정의 달인,2062667647,서울특별시 성동구 무수막길 94 (금호2.3가동) 
795,브디브디 Brunch & Dessert,1512801484,서울특별시 성동구 무학봉길 64 (하왕십리동 )1층 1호
796,동내부찌,1512801484,서울특별시 성동구 무학봉길 64 (하왕십리동 )1층 1호
797,와인을 딸 시간,7982100548,서울특별시 성동구 마조로5길 11 (사근동)지하 1층
798,바다장어 초이408덮밥,7382500393,서울특별시 성동구 독서당로 295-5 (금호2.3가동)1층
799,독골 김치찜 왕십리점 ,4332701303,"서울특별시 성동구 무학로6길 50 (왕십리도선동,성동삼성쉐르빌)101동 1층 167호 "
800,알찬떡볶이 왕십리점 ,4332701303,"서울특별시 성동구 무학로6길 50 (왕십리도선동,성동삼성쉐르빌)101동 1층 167호 "
801,엄마손 김치찌개,7382500393,서울특별시 성동구 독서당로 295-5 (금호2.3가동)1층
802,피자알볼로 왕십리뉴타운,3982800949,"서울특별시 성동구 왕십리로 410 (왕십리도선동,센트라스)J동 128호"
803,처갓집 양념치킨 금호점 ,1821801631,서울특별시 성동구 독서당로 276 (금호4가동)1층 102호 
804,호수매운탕,6141015602,서울특별시 성동구 마조로9길 6-8 (사근동)1층
805,프랭크버거 왕십리텐즈힐점,2081770490,"서울특별시 성동구 무학로 33 (왕십리도선동,텐즈힐)153동 1층 102호"
806,잼곱창,3071252362,서울특별시 성동구 마장로 244 (행당동)
807,푸라닭 성수2가점,5780902047,서울특별시 성동구 아차산로13길 33 (성수2가제3동)협성빌딩 1층 104호 
808,홍콩다방 성수낙낙점,4873001256,서울특별시 성동구 아차산로17길 49 (성수2가제3동)1층 R121호
809,바우골 곱창,2061156199,서울특별시 성동구 장터5길 5 (금호2.3가동)1층
810,소림마라 성동점,5980501175,서울특별시 성동구 독서당로39길 43-1 (옥수동)1층
811,만족오향족발 금호점,6657300121,서울특별시 성동구 금호로 54 (금호1가동)3층
812,금호다방,6121451084,서울특별시 성동구 금호산2길 22-10 (금호2.3가동)1층 (금호동3가)
813,와우치킨,2062745446,서울특별시 성동구 독서당로 270 (금호4가동)상가동 층 412호
814,스시로지,2633700418,서울특별시 성동구 마조로 15-14 (사근동)1층
815,히동이치킨 왕십리점,5101151017,서울특별시 성동구 행당로17길 42 (왕십리제2동)1층
816,상하이 정통중화요리,7020400948,서울특별시 성동구 왕십리로21길 11 (행당제1동)2층
817,안쉐프의 도시어부,2853400678,"서울특별시 성동구 마장로 137 (왕십리도선동,텐즈힐)221동 1층 1142호"
818,뉴욕야시장 한양대점,2063024946,서울특별시 성동구 마조로3가길 15 (사근동)(2층)
819,닭가대표 숯불직화구이,8121301547,서울특별시 성동구 왕십리로 273-1 (행당제1동)1층
820,위드번,8462701042,서울특별시 성동구 성수이로12길 17-1 (성수2가제1동)1층
821,브릭스커피 왕십리본점,2063023189,서울특별시 성동구 마조로11길 13 (사근동)(1층)
822,왕십리원조왕곱창,2062624745,서울특별시 성동구 무학로2가길 2 (왕십리도선동)
823,올라프루타 과일&치즈,8866600297,서울특별시 성동구 동일로 223-1 (송정동)1층
824,마왕족발 금호사거리점,4190601904,"서울특별시 성동구 금호로 48-1 (금호4가동)103, 104호"
825,돈짱돈까스 금남시장점,8454600508,서울특별시 성동구 독서당로 297-3 (금호2.3가동)1층
826,삼겹스테이션 배달삼겹의 마지막정거장,4761701465,서울특별시 성동구 금호산길 66-1 (금호2.3가동)2층 201호
827,THE 더 가득담은 1인 김치찜,4761701465,서울특별시 성동구 금호산길 66-1 (금호2.3가동)2층 201호
828,오니기리와이규동 성수점,1200823434,서울특별시 성동구 성수일로12길 34 (성수2가제3동)1층 103호
829,김승현스시,1904900618,서울특별시 성동구 왕십리로 331 (왕십리제2동)1층 102호
830,무모한초밥 왕십리점,2761901160,"서울특별시 성동구 마장로 137 (왕십리도선동,텐즈힐)221동 1117호"
831,루트비커피 성수점,5590901635,서울특별시 성동구 아차산로15길 10 (성수2가제3동)107호(성원상떼뷰오피스텔)
832,꾸브라꼬 숯불두마리치킨 왕십리점,8735900352,서울특별시 성동구 무학봉15길 14 (왕십리제2동)1층
833,명품부대찌개,7081201197,서울특별시 성동구 무학봉15길 26-1 (왕십리제2동)1층
834,혼밥대왕,7081201197,서울특별시 성동구 무학봉15길 26-1 (왕십리제2동)1층
835,꾸이한끼 성수점,4070754031,"서울특별시 성동구 성덕정15길 12 (성수동2가, 성동상가아파트 )1층 남14호"
836,슬로우그린,7142800990,서울특별시 성동구 둘레15길 4-1 (성수2가제1동)1층
837,치킨매니아 옥수역점,2062734293,서울특별시 성동구 한림말1길 16-1 (옥수동)1층
838,동강,2062943078,서울특별시 성동구 아차산로17길 13 (성수2가제3동)(지하)
839,성수다락,1441701739,"서울특별시 성동구 뚝섬로9길 20 (성수2가제1동)2,3층"
840,원조한우곱도리탕윤반장 성동점,8052201406,서울특별시 성동구 마조로16길 21 (마장동)1층
841,권식족발 본점,2482400103,서울특별시 성동구 아차산로7길 4 (성수2가제3동)1층
842,고기왕창자이언트비빔밥,5465200524,서울특별시 성동구 무학봉15길 26-1 (왕십리제2동)2호
843,참치앤스시 혼,4281100728,"서울특별시 성동구 마장로 137 (왕십리도선동,텐즈힐)221동 153,154호"
844,강금옥 쭈꾸미 왕십리점,5121264816,서울특별시 성동구 왕십리로24길 5 (왕십리도선동)1층
845,호식이두마리치킨 한양대점,4407300288,서울특별시 성동구 마조로15길 2 (마장동)1층
846,한근 김치찜,2940302093,"서울특별시 성동구 마장로 137 (왕십리도선동,텐즈힐)401동 1층 109호"
847,미군 부대찌개,2940302093,"서울특별시 성동구 마장로 137 (왕십리도선동,텐즈힐)401동 1층 109호"
848,핑크멜로우,1036500405,서울특별시 성동구 금호로 148-1 (금호1가동)1층
849,돈까스퐁당떡볶이 공수간 왕십리뉴타운점,4227800117,"서울특별시 성동구 마장로 137 (왕십리도선동,텐즈힐)221동 2층 107호"
850,쫄면주는삼겹본능by놀부 왕십리뉴타운점,4227800117,"서울특별시 성동구 마장로 137 (왕십리도선동,텐즈힐)221동 2층 107호"
851,족발야시장 상왕십리점,7094600541,서울특별시 성동구 마장로 185 (왕십리도선동)1층
852,샐러드포원 왕십리점,3041363931,"서울특별시 성동구 고산자로14길 26 (행당제1동,지웰홈스 왕십리)1층 108호"
853,옐로우피자,7764600070,서울특별시 성동구 마장로 206 (왕십리도선동)1층
854,돼지게티 왕십리점,8246000448,서울특별시 성동구 무학봉길 64 (왕십리제2동)1층
855,불고기브라더스 왕십리역사점,2632501054,서울특별시 성동구 왕십리광장로 17 (행당제1동)4층
856,뚝다이닝,6613400979,서울특별시 성동구 아차산로 46 (성수1가제2동)1층
857,달인의족발,2060172389,서울특별시 성동구 무학로2길 37 (왕십리도선동)
858,장맛손칼국수,4925500418,서울특별시 성동구 광나루로 290 (성수2가제3동)1층
859,아임요거트,5804100659,서울특별시 성동구 마장로 316-1 (마장동)2층
860,차차네 김볶,4056200256,서울특별시 성동구 행당로 133 (행당제1동)지하1층
861,경성돈까스 in 카레,4056200256,서울특별시 성동구 행당로 133 (행당제1동)지하1층
862,수제비먹는닭갈비,2061777556,서울특별시 성동구 왕십리로 319 (행당제1동)
863,요녀석파스타&필라프 왕십리점,1551501773,서울특별시 성동구 고산자로6가길 40-14 (행당제1동)1층
864,청년고기장수 행당점,5221002055,서울특별시 성동구 행당로 110 (행당제2동)1층
865,반올림피자 성동구점,3482501302,서울특별시 성동구 독서당로 323-1 (금호2.3가동)1층
866,조은회사,5081795713,서울특별시 성동구 독서당로 312-1 (금호4가동)1층
867,담꾹 신금호점,2612101332,서울특별시 성동구 금호로 155 (금호2.3가동)1층
868,집밥뚝딱 금호역점,5010766993,서울특별시 성동구 장터길 17-2 (금호2.3가동)1층
869,금남닭강정,8213900799,서울특별시 성동구 장터길 47 (금호2.3가동)1층
870,구구족 답십리점,7182101202,서울특별시 성동구 천호대로 294 (용답동)1층
871,더진국 한양대점,6716300243,서울특별시 성동구 마조로 7 (사근동)1층 101호
872,피자알볼로 옥수점,2081154106,"서울특별시 성동구 독서당로 187 (옥수동)상가동 지1층 018, 019호(옥수동극동아파트)"
873,OPTION 더빱&보끔밥,2061985007,서울특별시 성동구 마조로 16 (사근동)2층
874,네네치킨 한양점,2040434191,서울특별시 성동구 마조로 59 (마장동)(1층)
875,성일 고기듬뿍김치찌개,3925400241,서울특별시 성동구 아차산로3길 9 (성수1가제2동)1-2층
876,성일한돈 국내산배달삼겹,3925400241,서울특별시 성동구 아차산로3길 9 (성수1가제2동)1-2층
877,OPTION 도리아&스파게티,2061985007,서울특별시 성동구 마조로 16 (사근동)2층
878,국민낙곱새 성동점,6861501490,서울특별시 성동구 장터길 19 (금호2.3가동)1층 103호
879,행당시장 조조반점,1193501038,서울특별시 성동구 행당로 109 (행당제1동)지하1층
880,명품 임실치즈 피자 성동점,2060176819,서울특별시 성동구 행당로6길 2 (금호1가동)105호(종합사회복지관상가)
881,다시올 금호점,4011321305,서울특별시 성동구 행당로1길 7 (금호1가동)1층
882,파스타브런치 37.5,7506700317,서울특별시 성동구 독서당로51길 34-1 (금호1가동)
883,아토커피 왕십리,2794000994,서울특별시 성동구 무학로8길 21(홍익동)1층
884,미테이블 스테이크&파스타,5805400154,서울특별시 성동구 왕십리로8길 5 (성수1가제2동)1층
885,그린엘리펀트 샐러드,5805400154,서울특별시 성동구 왕십리로8길 5 (성수1가제2동)1층
886,페리카나치킨(금호로타리점),2060773376,서울특별시 성동구 무수막길 89-2 (금호2.3가동)
887,논현 왕갈비탕 왕십리점,6735400738,서울특별시 성동구 무학봉28길 4-1 (왕십리제2동)지2층 204호
888,팔공냉면,6735400738,서울특별시 성동구 무학봉28길 4-1 (왕십리제2동)지2층 204호
889,신전떡볶이 금호점,5811901397,서울특별시 성동구 장터길 20 (금호4가동)1층
890,용무있습니까 금호점,4934900540,서울특별시 성동구 금호산길 51 (금호2.3가동)1층
891,우리할매떡볶이 왕십리점,4464000798,서울특별시 성동구 왕십리광장로 6 (행당제1동)2층
892,프랭크버거 한양대점,1516800443,서울특별시 성동구 마조로 30 (사근동)1층 102호
893,육회드셔보겠소 행당점,4590601727,서울특별시 성동구 행당로 112 (행당제2동)1층
894,육회플레이스 행당점,4590601727,서울특별시 성동구 행당로 112 (행당제2동)1층
895,4도씨냉면&연탄불고기 도선점,2062326835,서울특별시 성동구 무학로2나길 1 (왕십리도선동)
896,1980 밀면회관 도선점,2062326835,서울특별시 성동구 무학로2나길 1 (왕십리도선동)
897,조쉐프의 쌀국수 도선점,2062326835,서울특별시 성동구 무학로2나길 1 (왕십리도선동)
898,고가네 족발&보쌈,8504200744,서울특별시 성동구 광나루로11길 13-1 (송정동)1층
899,천연떡볶이,8870402209,"서울특별시 성동구 무학로 33 (왕십리도선동,텐즈힐)156동 1층 105호"
900,불백하우스,2063138980,서울특별시 성동구 광나루로 319 (송정동)1층불백하우스
901,BBQ 성수중앙점,8755600662,"서울특별시 성동구 아차산로15길 10 (성수동2가, 성원상떼뷰오피스텔 )114호"
902,명가냉면 (배달돼지),2086070481,서울특별시 성동구 무학로8길 26 (왕십리도선동)1층 6호
903,배달돼지 왕십리점,2086070481,서울특별시 성동구 무학로8길 26 (왕십리도선동)1층 6호
904,윤이불닭발,6143401119,서울특별시 성동구 마장로 185 (왕십리도선동)1층
905,아재부산 낙곱새,2592600688,서울특별시 성동구 행당로1길 7 (금호1가동)1층
906,청춘낙곱새,2592600688,서울특별시 성동구 행당로1길 7 (금호1가동)1층
907,대한 닭발 1979,2592600688,서울특별시 성동구 행당로1길 7 (금호1가동)1층
908,국가대표 푸드 국가대표 아구찜&알곤이찜,2592600688,서울특별시 성동구 행당로1길 7 (금호1가동)1층
909,이성자 쭈꾸미(건대점),8827300366,서울특별시 성동구 동일로59길 4 (송정동 )1층
910,배달의 쌀국수 한양대점,1293965416,서울특별시 성동구 왕십리로 273-1 (행당제1동)지하층(행당동)
911,종로떡방,2063136677,서울특별시 성동구 상원길 51 (성수1가제2동)1층
912,웃긴 떡볶이,5422501132,"서울특별시 성동구 마장로 137 (왕십리도선동,텐즈힐)211동 2층 2116호"
913,전 여사,8102101492,서울특별시 성동구 마장로 216 (왕십리도선동)1층
914,꽃찬찜닭&등뼈찜 왕십리점,8820901030,서울특별시 성동구 왕십리로 273 (행당제1동)1층
915,브라더탕수육 왕십리점,8820901030,서울특별시 성동구 왕십리로 273 (행당제1동)1층
916,명동할머니국수 성수카페거리점,7791901179,서울특별시 성동구 뚝섬로 390 (성수2가제1동)1층
917,카츠젠,4293000227,"서울특별시 성동구 왕십리로 410 (왕십리도선동,센트라스)상가C동 102호"
918,열혈분식,1351439147,서울특별시 성동구 무학로6길 36 (왕십리도선동)1층
919,치킨마루 왕십리센트라스점,8085000262,"서울특별시 성동구 왕십리로 410 (왕십리도선동,센트라스)H동 B101호"
920,만리장성,2061450177,서울특별시 성동구 장터길 13-1 (금호2.3가동)지상2층
921,홍콩다방 왕십리센트라스점,2705400581,"서울특별시 성동구 왕십리로 410 (왕십리도선동,센트라스)J동 1층 137호"
922,닥엔돈스 족발,2030452497,서울특별시 성동구 고산자로6길 31-1 (행당제1동)1층
923,닥엔돈스 치킨 쪽갈비,2030452497,서울특별시 성동구 고산자로6길 31-1 (행당제1동)1층
924,신의주 찹쌀순대 왕십리뉴타운점,7810900285,"서울특별시 성동구 왕십리로 410 (왕십리도선동,센트라스)J동 1층 104호"
925,마라전설,7430901720,"서울특별시 성동구 왕십리로 410 (왕십리도선동,센트라스)제이동 126호 "
926,닥엔돈스 쪽갈비 왕십리점,2030452497,서울특별시 성동구 고산자로6길 31-1 (행당제1동)1층
927,오남매곱창,7791000798,서울특별시 성동구 장터길 13-1 (금호2.3가동)1층
928,한솥도시락 행당점,2061476162,서울특별시 성동구 행당로 119 (행당제1동)1층 한솥도시락
929,너찜했닭,4115400315,서울특별시 성동구 무학봉15길 27-3 (왕십리제2동)1층 일부
930,곱창쓰 왕십리점,8874800170,서울특별시 성동구 무학봉15길 28 (왕십리제2동)1층
931,커피식구 ,8544300632,서울특별시 성동구 아차산로13길 31 (성수2가제3동)1층 커피식구
932,꽃보다족발,2062447399,서울특별시 성동구 왕십리로24길 16 (왕십리도선동)지상 1층
933,죠스떡볶이 한양대점,7810500064,"서울특별시 성동구 마조로5길 4 (사근동)(행당동, 지상1층)"
934,바르다김선생 옥수점,2063233677,서울특별시 성동구 독서당로 220 (옥수동)101호
935,걸작떡볶이치킨 성수점,7525900356,서울특별시 성동구 아차산로 87 (성수2가제3동)1층
936,부어치킨 황학사거리점,6182618427,"서울특별시 성동구 마장로 137 (왕십리도선동,텐즈힐)221동 1층 1144호-1145호"
937,땅스부대찌개 서울금호점,4794000726,서울특별시 성동구 장터길 43-3 (금호2.3가동)1층
